"week ID","article_name","year","yrwk_start","yrwk_end","month","week","sales","category_1","category_2","promo_01","promo_02","promo_03","promo_04","promo_05","quarter","holidays","workdays","coronameasures","season","partitioningtrain","partitioningtest","partitioningpred","predictions"
285,"BIO FAIRT.JOG.MOKKA 180G","2021",2021-06-14,2021-06-20,"6",24,3428,"BIO / ALNATURA","KLASSISCHE JOGHURT","0","0","0","0","0","2",0,6,"no lockdown","summer","train","test","prediction",3542.14054816516
286,"BIO FAIRT.JOG.MOKKA 180G","2021",2021-06-21,2021-06-27,"6",25,4437,"BIO / ALNATURA","KLASSISCHE JOGHURT","0","0","0","1","0","2",0,6,"no lockdown","summer","train","test","prediction",3649.3396675651
285,"MB JOGHURT NATUR 500G","2021",2021-06-14,2021-06-20,"6",24,7654,"JOGHURT 500G / MFP","BECHER 500G ODER MEHR","0","0","0","0","0","2",0,6,"no lockdown","summer","train","test","prediction",7447.21913548982
286,"MB JOGHURT NATUR 500G","2021",2021-06-21,2021-06-27,"6",25,7177,"JOGHURT 500G / MFP","BECHER 500G ODER MEHR","0","0","0","0","0","2",0,6,"no lockdown","summer","train","test","prediction",7445.66542933507
285,"M-CLAS JOG. HEIDELBE 200G","2021",2021-06-14,2021-06-20,"6",24,8671,"KLASSISCHE JOGHURT","JOGHURT STANDARD","0","0","0","0","0","2",0,6,"no lockdown","summer","train","test","prediction",8774.20810367978
286,"M-CLAS JOG. HEIDELBE 200G","2021",2021-06-21,2021-06-27,"6",25,8229,"KLASSISCHE JOGHURT","JOGHURT STANDARD","0","0","0","0","0","2",0,6,"no lockdown","summer","train","test","prediction",8731.51540881358
285,"M-CLAS JOG. NATURE 200G","2021",2021-06-14,2021-06-20,"6",24,12105,"KLASSISCHE JOGHURT","JOGHURT STANDARD","0","0","0","0","0","2",0,6,"no lockdown","summer","train","test","prediction",12331.506105
286,"M-CLAS JOG. NATURE 200G","2021",2021-06-21,2021-06-27,"6",25,11200,"KLASSISCHE JOGHURT","JOGHURT STANDARD","0","0","0","0","0","2",0,6,"no lockdown","summer","train","test","prediction",12263.9964220076
285,"M-CLAS JOG. HIMBEER 200G","2021",2021-06-14,2021-06-20,"6",24,7647,"KLASSISCHE JOGHURT","JOGHURT STANDARD","0","0","0","0","0","2",0,6,"no lockdown","summer","train","test","prediction",8445.67912512354
286,"M-CLAS JOG. HIMBEER 200G","2021",2021-06-21,2021-06-27,"6",25,7697,"KLASSISCHE JOGHURT","JOGHURT STANDARD","0","0","0","0","0","2",0,6,"no lockdown","summer","train","test","prediction",8437.34401981493
285,"M-CLAS JOG. SCHOKOLA 200G","2021",2021-06-14,2021-06-20,"6",24,22759,"KLASSISCHE JOGHURT","JOGHURT STANDARD","0","0","0","0","0","2",0,6,"no lockdown","summer","train","test","prediction",22977.5832720115
286,"M-CLAS JOG. SCHOKOLA 200G","2021",2021-06-21,2021-06-27,"6",25,23243,"KLASSISCHE JOGHURT","JOGHURT STANDARD","0","0","0","0","0","2",0,6,"no lockdown","summer","train","test","prediction",22798.236905374
285,"M-CLAS JOGHURT MOKKA 200G","2021",2021-06-14,2021-06-20,"6",24,19205,"KLASSISCHE JOGHURT","JOGHURT STANDARD","0","0","0","0","0","2",0,6,"no lockdown","summer","train","test","prediction",20808.733131582
286,"M-CLAS JOGHURT MOKKA 200G","2021",2021-06-21,2021-06-27,"6",25,19745,"KLASSISCHE JOGHURT","JOGHURT STANDARD","0","0","0","0","0","2",0,6,"no lockdown","summer","train","test","prediction",20706.6023905252
285,"M-CLAS JOG. APF/MANG 200G","2021",2021-06-14,2021-06-20,"6",24,9240,"KLASSISCHE JOGHURT","JOGHURT STANDARD","0","0","0","0","0","2",0,6,"no lockdown","summer","train","test","prediction",8956.75740955573
286,"M-CLAS JOG. APF/MANG 200G","2021",2021-06-21,2021-06-27,"6",25,8879,"KLASSISCHE JOGHURT","JOGHURT STANDARD","0","0","0","0","0","2",0,6,"no lockdown","summer","train","test","prediction",8903.39299794153
285,"M-CLAS JOG. ERDBEER 200G","2021",2021-06-14,2021-06-20,"6",24,10662,"KLASSISCHE JOGHURT","JOGHURT STANDARD","0","0","0","0","0","2",0,6,"no lockdown","summer","train","test","prediction",10207.0491385217
286,"M-CLAS JOG. ERDBEER 200G","2021",2021-06-21,2021-06-27,"6",25,10332,"KLASSISCHE JOGHURT","JOGHURT STANDARD","0","0","0","0","0","2",0,6,"no lockdown","summer","train","test","prediction",10127.9018786778
285,"M-CLAS JOG. VANILLE 200G","2021",2021-06-14,2021-06-20,"6",24,4113,"KLASSISCHE JOGHURT","JOGHURT STANDARD","0","0","0","0","0","2",0,6,"no lockdown","summer","train","test","prediction",5446.49249680359
286,"M-CLAS JOG. VANILLE 200G","2021",2021-06-21,2021-06-27,"6",25,3970,"KLASSISCHE JOGHURT","JOGHURT STANDARD","0","0","0","0","0","2",0,6,"no lockdown","summer","train","test","prediction",5460.99290987469
285,"M-CLAS JOG. HASELNUS 200G","2021",2021-06-14,2021-06-20,"6",24,7253,"KLASSISCHE JOGHURT","JOGHURT STANDARD","0","0","0","0","0","2",0,6,"no lockdown","summer","train","test","prediction",8605.71813731223
286,"M-CLAS JOG. HASELNUS 200G","2021",2021-06-21,2021-06-27,"6",25,7589,"KLASSISCHE JOGHURT","JOGHURT STANDARD","0","0","0","0","0","2",0,6,"no lockdown","summer","train","test","prediction",8564.62442741849
285,"BIFIDUS JOGH. NATURE 500G","2021",2021-06-14,2021-06-20,"6",24,7699,"JOGHURT 500G / MFP","BECHER 500G ODER MEHR","0","0","0","0","0","2",0,6,"no lockdown","summer","train","test","prediction",7179.41035505291
286,"BIFIDUS JOGH. NATURE 500G","2021",2021-06-21,2021-06-27,"6",25,7146,"JOGHURT 500G / MFP","BECHER 500G ODER MEHR","0","0","0","0","0","2",0,6,"no lockdown","summer","train","test","prediction",7161.94665932377
285,"BIO JOGHURT NATURE 180G","2021",2021-06-14,2021-06-20,"6",24,6987,"BIO / ALNATURA","KLASSISCHE JOGHURT","0","0","0","0","0","2",0,6,"no lockdown","summer","train","test","prediction",6933.44142659549
286,"BIO JOGHURT NATURE 180G","2021",2021-06-21,2021-06-27,"6",25,7927,"BIO / ALNATURA","KLASSISCHE JOGHURT","0","0","0","1","0","2",0,6,"no lockdown","summer","train","test","prediction",7065.5740532439
285,"EXC JOGHURT TRUFFES 150G","2021",2021-06-14,2021-06-20,"6",24,4109,"JOGHURT SPECIAL / GENUSS","RAHMJOGHURT / GRIECHISCH","0","0","0","0","0","2",0,6,"no lockdown","summer","train","test","prediction",4689.39575647053
286,"EXC JOGHURT TRUFFES 150G","2021",2021-06-21,2021-06-27,"6",25,4460,"JOGHURT SPECIAL / GENUSS","RAHMJOGHURT / GRIECHISCH","0","0","0","0","0","2",0,6,"no lockdown","summer","train","test","prediction",4706.66535748416
285,"YOGOS GRECQUE NATURE 180G","2021",2021-06-14,2021-06-20,"6",24,9245,"JOGHURT SPECIAL / GENUSS","RAHMJOGHURT / GRIECHISCH","0","0","0","0","0","2",0,6,"no lockdown","summer","train","test","prediction",8285.60168488251
286,"YOGOS GRECQUE NATURE 180G","2021",2021-06-21,2021-06-27,"6",25,8975,"JOGHURT SPECIAL / GENUSS","RAHMJOGHURT / GRIECHISCH","0","0","0","0","0","2",0,6,"no lockdown","summer","train","test","prediction",8268.05530434097
285,"BIO JOGHURT NATURE 500G","2021",2021-06-14,2021-06-20,"6",24,6173,"BIO / ALNATURA","JOGHURT 500G / MFP","0","0","0","0","0","2",0,6,"no lockdown","summer","train","test","prediction",6063.38167876911
286,"BIO JOGHURT NATURE 500G","2021",2021-06-21,2021-06-27,"6",25,6958,"BIO / ALNATURA","JOGHURT 500G / MFP","0","0","0","1","0","2",0,6,"no lockdown","summer","train","test","prediction",6160.34471926751
285,"BIFIDUS JOGH. NATURE 150G","2021",2021-06-14,2021-06-20,"6",24,15078,"JOGHURT GESUNDHEIT","PROBIOTISCH","0","0","0","0","0","2",0,6,"no lockdown","summer","train","test","prediction",15070.1211800869
286,"BIFIDUS JOGH. NATURE 150G","2021",2021-06-21,2021-06-27,"6",25,14368,"JOGHURT GESUNDHEIT","PROBIOTISCH","0","0","0","0","0","2",0,6,"no lockdown","summer","train","test","prediction",15045.7046161669
285,"VALFLORA CREME FRAICHE NA","2021",2021-06-14,2021-06-20,"6",24,10860,"RAHM","SAUERRAHM","0","0","0","0","0","2",0,6,"no lockdown","summer","train","test","prediction",10979.2496761263
286,"VALFLORA CREME FRAICHE NA","2021",2021-06-21,2021-06-27,"6",25,11058,"RAHM","SAUERRAHM","0","0","0","0","0","2",0,6,"no lockdown","summer","train","test","prediction",10950.3635437556
285,"AHA JOGHURT LAKTOSEF CLAS","2021",2021-06-14,2021-06-20,"6",24,5348,"JOGHURT GESUNDHEIT","UEBRIGE","0","0","0","0","0","2",0,6,"no lockdown","summer","train","test","prediction",4971.53258711095
286,"AHA JOGHURT LAKTOSEF CLAS","2021",2021-06-21,2021-06-27,"6",25,5413,"JOGHURT GESUNDHEIT","UEBRIGE","1","0","0","0","0","2",0,6,"no lockdown","summer","train","test","prediction",5282.78347885266
NA,"BIO FAIRT.JOG.MOKKA 180G","2021",2021-06-28,2021-07-04,"7",26,NA,"BIO / ALNATURA","KLASSISCHE JOGHURT","0","0","0","0","0","2",0,6,"no lockdown","summer",NA,NA,"prediction",3406.24313672755
NA,"BIO FAIRT.JOG.MOKKA 180G","2021",2021-07-05,2021-07-11,"7",27,NA,"BIO / ALNATURA","KLASSISCHE JOGHURT","0","0","0","0","0","3",0,6,"no lockdown","summer",NA,NA,"prediction",3347.12631583253
NA,"BIO FAIRT.JOG.MOKKA 180G","2021",2021-07-12,2021-07-18,"7",28,NA,"BIO / ALNATURA","KLASSISCHE JOGHURT","0","0","0","0","0","3",0,6,"no lockdown","summer",NA,NA,"prediction",3216.38560170174
NA,"BIO FAIRT.JOG.MOKKA 180G","2021",2021-07-19,2021-07-25,"7",29,NA,"BIO / ALNATURA","KLASSISCHE JOGHURT","1","0","0","0","0","3",0,6,"no lockdown","summer",NA,NA,"prediction",4508.8844561538
NA,"BIO FAIRT.JOG.MOKKA 180G","2021",2021-07-26,2021-08-01,"7",30,NA,"BIO / ALNATURA","KLASSISCHE JOGHURT","0","0","0","0","0","3",0,6,"no lockdown","summer",NA,NA,"prediction",3174.51387811924
NA,"BIO FAIRT.JOG.MOKKA 180G","2021",2021-08-02,2021-08-08,"8",31,NA,"BIO / ALNATURA","KLASSISCHE JOGHURT","0","0","0","0","0","3",0,6,"no lockdown","summer",NA,NA,"prediction",3359.0323008193
NA,"BIO FAIRT.JOG.MOKKA 180G","2021",2021-08-09,2021-08-15,"8",32,NA,"BIO / ALNATURA","KLASSISCHE JOGHURT","0","0","0","0","0","3",0,6,"no lockdown","summer",NA,NA,"prediction",3442.06327621984
NA,"BIO FAIRT.JOG.MOKKA 180G","2021",2021-08-16,2021-08-22,"8",33,NA,"BIO / ALNATURA","KLASSISCHE JOGHURT","0","0","0","1","0","3",0,6,"no lockdown","summer",NA,NA,"prediction",3446.04358884914
NA,"BIO FAIRT.JOG.MOKKA 180G","2021",2021-08-23,2021-08-29,"8",34,NA,"BIO / ALNATURA","KLASSISCHE JOGHURT","0","0","0","0","0","3",0,6,"no lockdown","summer",NA,NA,"prediction",3478.89128563735
NA,"BIO FAIRT.JOG.MOKKA 180G","2021",2021-08-30,2021-09-05,"9",35,NA,"BIO / ALNATURA","KLASSISCHE JOGHURT","0","0","0","0","0","3",0,6,"no lockdown","summer",NA,NA,"prediction",3365.46599518625
NA,"BIO FAIRT.JOG.MOKKA 180G","2021",2021-09-06,2021-09-12,"9",36,NA,"BIO / ALNATURA","KLASSISCHE JOGHURT","0","0","0","0","0","3",0,6,"no lockdown","autumn",NA,NA,"prediction",3367.25382599433
NA,"BIO FAIRT.JOG.MOKKA 180G","2021",2021-09-13,2021-09-19,"9",37,NA,"BIO / ALNATURA","KLASSISCHE JOGHURT","1","0","0","0","0","3",0,6,"no lockdown","autumn",NA,NA,"prediction",4396.50591703168
NA,"BIO FAIRT.JOG.MOKKA 180G","2021",2021-09-20,2021-09-26,"9",38,NA,"BIO / ALNATURA","KLASSISCHE JOGHURT","0","0","0","0","0","3",0,6,"no lockdown","autumn",NA,NA,"prediction",3351.16329371637
NA,"BIO FAIRT.JOG.MOKKA 180G","2021",2021-09-27,2021-10-03,"9",39,NA,"BIO / ALNATURA","KLASSISCHE JOGHURT","0","0","0","0","0","3",0,6,"no lockdown","autumn",NA,NA,"prediction",3350.77892758908
NA,"BIO FAIRT.JOG.MOKKA 180G","2021",2021-10-04,2021-10-10,"10",40,NA,"BIO / ALNATURA","KLASSISCHE JOGHURT","0","0","0","0","0","4",0,6,"no lockdown","autumn",NA,NA,"prediction",3381.29748073461
NA,"MB JOGHURT NATUR 500G","2021",2021-06-28,2021-07-04,"7",26,NA,"JOGHURT 500G / MFP","BECHER 500G ODER MEHR","0","0","0","0","0","2",0,6,"no lockdown","summer",NA,NA,"prediction",7441.88014378041
NA,"MB JOGHURT NATUR 500G","2021",2021-07-05,2021-07-11,"7",27,NA,"JOGHURT 500G / MFP","BECHER 500G ODER MEHR","0","0","0","0","0","3",0,6,"no lockdown","summer",NA,NA,"prediction",7410.9752192965
NA,"MB JOGHURT NATUR 500G","2021",2021-07-12,2021-07-18,"7",28,NA,"JOGHURT 500G / MFP","BECHER 500G ODER MEHR","0","0","0","0","0","3",0,6,"no lockdown","summer",NA,NA,"prediction",7108.71127602872
NA,"MB JOGHURT NATUR 500G","2021",2021-07-19,2021-07-25,"7",29,NA,"JOGHURT 500G / MFP","BECHER 500G ODER MEHR","0","0","0","0","0","3",0,6,"no lockdown","summer",NA,NA,"prediction",7033.68606020983
NA,"MB JOGHURT NATUR 500G","2021",2021-07-26,2021-08-01,"7",30,NA,"JOGHURT 500G / MFP","BECHER 500G ODER MEHR","0","0","0","0","0","3",0,6,"no lockdown","summer",NA,NA,"prediction",6997.32699653797
NA,"MB JOGHURT NATUR 500G","2021",2021-08-02,2021-08-08,"8",31,NA,"JOGHURT 500G / MFP","BECHER 500G ODER MEHR","0","0","0","0","0","3",0,6,"no lockdown","summer",NA,NA,"prediction",7257.53616842353
NA,"MB JOGHURT NATUR 500G","2021",2021-08-09,2021-08-15,"8",32,NA,"JOGHURT 500G / MFP","BECHER 500G ODER MEHR","0","0","0","0","0","3",0,6,"no lockdown","summer",NA,NA,"prediction",7364.17957383313
NA,"MB JOGHURT NATUR 500G","2021",2021-08-16,2021-08-22,"8",33,NA,"JOGHURT 500G / MFP","BECHER 500G ODER MEHR","0","0","0","0","0","3",0,6,"no lockdown","summer",NA,NA,"prediction",7422.4368454168
NA,"MB JOGHURT NATUR 500G","2021",2021-08-23,2021-08-29,"8",34,NA,"JOGHURT 500G / MFP","BECHER 500G ODER MEHR","0","0","0","0","0","3",0,6,"no lockdown","summer",NA,NA,"prediction",7459.50896569097
NA,"MB JOGHURT NATUR 500G","2021",2021-08-30,2021-09-05,"9",35,NA,"JOGHURT 500G / MFP","BECHER 500G ODER MEHR","0","0","0","0","0","3",0,6,"no lockdown","summer",NA,NA,"prediction",7160.9034858036
NA,"MB JOGHURT NATUR 500G","2021",2021-09-06,2021-09-12,"9",36,NA,"JOGHURT 500G / MFP","BECHER 500G ODER MEHR","0","0","0","0","0","3",0,6,"no lockdown","autumn",NA,NA,"prediction",7121.59491784857
NA,"MB JOGHURT NATUR 500G","2021",2021-09-13,2021-09-19,"9",37,NA,"JOGHURT 500G / MFP","BECHER 500G ODER MEHR","0","0","0","0","0","3",0,6,"no lockdown","autumn",NA,NA,"prediction",7110.72848374817
NA,"MB JOGHURT NATUR 500G","2021",2021-09-20,2021-09-26,"9",38,NA,"JOGHURT 500G / MFP","BECHER 500G ODER MEHR","0","0","0","0","0","3",0,6,"no lockdown","autumn",NA,NA,"prediction",7094.3752560872
NA,"MB JOGHURT NATUR 500G","2021",2021-09-27,2021-10-03,"9",39,NA,"JOGHURT 500G / MFP","BECHER 500G ODER MEHR","0","0","0","0","0","3",0,6,"no lockdown","autumn",NA,NA,"prediction",7092.85288307637
NA,"MB JOGHURT NATUR 500G","2021",2021-10-04,2021-10-10,"10",40,NA,"JOGHURT 500G / MFP","BECHER 500G ODER MEHR","0","0","0","0","0","4",0,6,"no lockdown","autumn",NA,NA,"prediction",6871.43926103105
NA,"M-CLAS JOG. HEIDELBE 200G","2021",2021-06-28,2021-07-04,"7",26,NA,"KLASSISCHE JOGHURT","JOGHURT STANDARD","0","0","0","0","0","2",0,6,"no lockdown","summer",NA,NA,"prediction",8683.94006841664
NA,"M-CLAS JOG. HEIDELBE 200G","2021",2021-07-05,2021-07-11,"7",27,NA,"KLASSISCHE JOGHURT","JOGHURT STANDARD","0","0","0","0","0","3",0,6,"no lockdown","summer",NA,NA,"prediction",8660.64074961565
NA,"M-CLAS JOG. HEIDELBE 200G","2021",2021-07-12,2021-07-18,"7",28,NA,"KLASSISCHE JOGHURT","JOGHURT STANDARD","0","0","0","0","0","3",0,6,"no lockdown","summer",NA,NA,"prediction",8307.92873159192
NA,"M-CLAS JOG. HEIDELBE 200G","2021",2021-07-19,2021-07-25,"7",29,NA,"KLASSISCHE JOGHURT","JOGHURT STANDARD","0","0","0","0","0","3",0,6,"no lockdown","summer",NA,NA,"prediction",8260.57811398842
NA,"M-CLAS JOG. HEIDELBE 200G","2021",2021-07-26,2021-08-01,"7",30,NA,"KLASSISCHE JOGHURT","JOGHURT STANDARD","0","0","0","0","0","3",0,6,"no lockdown","summer",NA,NA,"prediction",8210.04291397439
NA,"M-CLAS JOG. HEIDELBE 200G","2021",2021-08-02,2021-08-08,"8",31,NA,"KLASSISCHE JOGHURT","JOGHURT STANDARD","0","0","0","0","0","3",0,6,"no lockdown","summer",NA,NA,"prediction",8776.15633174257
NA,"M-CLAS JOG. HEIDELBE 200G","2021",2021-08-09,2021-08-15,"8",32,NA,"KLASSISCHE JOGHURT","JOGHURT STANDARD","0","0","0","0","0","3",0,6,"no lockdown","summer",NA,NA,"prediction",8977.84612992232
NA,"M-CLAS JOG. HEIDELBE 200G","2021",2021-08-16,2021-08-22,"8",33,NA,"KLASSISCHE JOGHURT","JOGHURT STANDARD","0","0","0","0","0","3",0,6,"no lockdown","summer",NA,NA,"prediction",9037.04838916068
NA,"M-CLAS JOG. HEIDELBE 200G","2021",2021-08-23,2021-08-29,"8",34,NA,"KLASSISCHE JOGHURT","JOGHURT STANDARD","0","0","0","0","0","3",0,6,"no lockdown","summer",NA,NA,"prediction",9121.49959760894
NA,"M-CLAS JOG. HEIDELBE 200G","2021",2021-08-30,2021-09-05,"9",35,NA,"KLASSISCHE JOGHURT","JOGHURT STANDARD","0","0","0","0","0","3",0,6,"no lockdown","summer",NA,NA,"prediction",9087.00422858673
NA,"M-CLAS JOG. HEIDELBE 200G","2021",2021-09-06,2021-09-12,"9",36,NA,"KLASSISCHE JOGHURT","JOGHURT STANDARD","0","0","0","0","0","3",0,6,"no lockdown","autumn",NA,NA,"prediction",9078.47602658665
NA,"M-CLAS JOG. HEIDELBE 200G","2021",2021-09-13,2021-09-19,"9",37,NA,"KLASSISCHE JOGHURT","JOGHURT STANDARD","0","0","0","0","0","3",0,6,"no lockdown","autumn",NA,NA,"prediction",9075.50554859776
NA,"M-CLAS JOG. HEIDELBE 200G","2021",2021-09-20,2021-09-26,"9",38,NA,"KLASSISCHE JOGHURT","JOGHURT STANDARD","0","0","0","0","0","3",0,6,"no lockdown","autumn",NA,NA,"prediction",9050.00074185348
NA,"M-CLAS JOG. HEIDELBE 200G","2021",2021-09-27,2021-10-03,"9",39,NA,"KLASSISCHE JOGHURT","JOGHURT STANDARD","0","0","0","0","0","3",0,6,"no lockdown","autumn",NA,NA,"prediction",9081.4497922631
NA,"M-CLAS JOG. HEIDELBE 200G","2021",2021-10-04,2021-10-10,"10",40,NA,"KLASSISCHE JOGHURT","JOGHURT STANDARD","0","0","0","0","0","4",0,6,"no lockdown","autumn",NA,NA,"prediction",8808.66755502394
NA,"M-CLAS JOG. NATURE 200G","2021",2021-06-28,2021-07-04,"7",26,NA,"KLASSISCHE JOGHURT","JOGHURT STANDARD","0","0","0","0","0","2",0,6,"no lockdown","summer",NA,NA,"prediction",12561.2481719055
NA,"M-CLAS JOG. NATURE 200G","2021",2021-07-05,2021-07-11,"7",27,NA,"KLASSISCHE JOGHURT","JOGHURT STANDARD","0","0","0","0","0","3",0,6,"no lockdown","summer",NA,NA,"prediction",12536.1896404747
NA,"M-CLAS JOG. NATURE 200G","2021",2021-07-12,2021-07-18,"7",28,NA,"KLASSISCHE JOGHURT","JOGHURT STANDARD","0","0","0","0","0","3",0,6,"no lockdown","summer",NA,NA,"prediction",12054.9430761965
NA,"M-CLAS JOG. NATURE 200G","2021",2021-07-19,2021-07-25,"7",29,NA,"KLASSISCHE JOGHURT","JOGHURT STANDARD","0","0","0","0","0","3",0,6,"no lockdown","summer",NA,NA,"prediction",12005.5812502834
NA,"M-CLAS JOG. NATURE 200G","2021",2021-07-26,2021-08-01,"7",30,NA,"KLASSISCHE JOGHURT","JOGHURT STANDARD","0","0","0","0","0","3",0,6,"no lockdown","summer",NA,NA,"prediction",11939.1710669383
NA,"M-CLAS JOG. NATURE 200G","2021",2021-08-02,2021-08-08,"8",31,NA,"KLASSISCHE JOGHURT","JOGHURT STANDARD","0","0","0","0","0","3",0,6,"no lockdown","summer",NA,NA,"prediction",11954.0167511461
NA,"M-CLAS JOG. NATURE 200G","2021",2021-08-09,2021-08-15,"8",32,NA,"KLASSISCHE JOGHURT","JOGHURT STANDARD","0","0","0","0","0","3",0,6,"no lockdown","summer",NA,NA,"prediction",12045.1809266283
NA,"M-CLAS JOG. NATURE 200G","2021",2021-08-16,2021-08-22,"8",33,NA,"KLASSISCHE JOGHURT","JOGHURT STANDARD","0","0","0","0","0","3",0,6,"no lockdown","summer",NA,NA,"prediction",12031.1048050675
NA,"M-CLAS JOG. NATURE 200G","2021",2021-08-23,2021-08-29,"8",34,NA,"KLASSISCHE JOGHURT","JOGHURT STANDARD","0","0","0","0","0","3",0,6,"no lockdown","summer",NA,NA,"prediction",12129.1885282723
NA,"M-CLAS JOG. NATURE 200G","2021",2021-08-30,2021-09-05,"9",35,NA,"KLASSISCHE JOGHURT","JOGHURT STANDARD","0","0","0","0","0","3",0,6,"no lockdown","summer",NA,NA,"prediction",11927.4898711071
NA,"M-CLAS JOG. NATURE 200G","2021",2021-09-06,2021-09-12,"9",36,NA,"KLASSISCHE JOGHURT","JOGHURT STANDARD","0","0","0","0","0","3",0,6,"no lockdown","autumn",NA,NA,"prediction",11797.8417225546
NA,"M-CLAS JOG. NATURE 200G","2021",2021-09-13,2021-09-19,"9",37,NA,"KLASSISCHE JOGHURT","JOGHURT STANDARD","0","0","0","0","0","3",0,6,"no lockdown","autumn",NA,NA,"prediction",11792.3891426673
NA,"M-CLAS JOG. NATURE 200G","2021",2021-09-20,2021-09-26,"9",38,NA,"KLASSISCHE JOGHURT","JOGHURT STANDARD","0","0","0","0","0","3",0,6,"no lockdown","autumn",NA,NA,"prediction",11797.9403821635
NA,"M-CLAS JOG. NATURE 200G","2021",2021-09-27,2021-10-03,"9",39,NA,"KLASSISCHE JOGHURT","JOGHURT STANDARD","0","0","0","0","0","3",0,6,"no lockdown","autumn",NA,NA,"prediction",11782.8555503798
NA,"M-CLAS JOG. NATURE 200G","2021",2021-10-04,2021-10-10,"10",40,NA,"KLASSISCHE JOGHURT","JOGHURT STANDARD","0","0","0","0","0","4",0,6,"no lockdown","autumn",NA,NA,"prediction",11745.1693893822
NA,"M-CLAS JOG. HIMBEER 200G","2021",2021-06-28,2021-07-04,"7",26,NA,"KLASSISCHE JOGHURT","JOGHURT STANDARD","0","0","0","0","0","2",0,6,"no lockdown","summer",NA,NA,"prediction",8463.44241100794
NA,"M-CLAS JOG. HIMBEER 200G","2021",2021-07-05,2021-07-11,"7",27,NA,"KLASSISCHE JOGHURT","JOGHURT STANDARD","0","0","0","0","0","3",0,6,"no lockdown","summer",NA,NA,"prediction",8446.36577932049
NA,"M-CLAS JOG. HIMBEER 200G","2021",2021-07-12,2021-07-18,"7",28,NA,"KLASSISCHE JOGHURT","JOGHURT STANDARD","0","0","0","0","0","3",0,6,"no lockdown","summer",NA,NA,"prediction",8102.39488746797
NA,"M-CLAS JOG. HIMBEER 200G","2021",2021-07-19,2021-07-25,"7",29,NA,"KLASSISCHE JOGHURT","JOGHURT STANDARD","0","0","0","0","0","3",0,6,"no lockdown","summer",NA,NA,"prediction",8064.65559761247
NA,"M-CLAS JOG. HIMBEER 200G","2021",2021-07-26,2021-08-01,"7",30,NA,"KLASSISCHE JOGHURT","JOGHURT STANDARD","0","0","0","0","0","3",0,6,"no lockdown","summer",NA,NA,"prediction",8051.59317522336
NA,"M-CLAS JOG. HIMBEER 200G","2021",2021-08-02,2021-08-08,"8",31,NA,"KLASSISCHE JOGHURT","JOGHURT STANDARD","0","0","0","0","0","3",0,6,"no lockdown","summer",NA,NA,"prediction",8517.87973747766
NA,"M-CLAS JOG. HIMBEER 200G","2021",2021-08-09,2021-08-15,"8",32,NA,"KLASSISCHE JOGHURT","JOGHURT STANDARD","0","0","0","0","0","3",0,6,"no lockdown","summer",NA,NA,"prediction",8658.38728653943
NA,"M-CLAS JOG. HIMBEER 200G","2021",2021-08-16,2021-08-22,"8",33,NA,"KLASSISCHE JOGHURT","JOGHURT STANDARD","0","0","0","0","0","3",0,6,"no lockdown","summer",NA,NA,"prediction",8702.15550952997
NA,"M-CLAS JOG. HIMBEER 200G","2021",2021-08-23,2021-08-29,"8",34,NA,"KLASSISCHE JOGHURT","JOGHURT STANDARD","0","0","0","0","0","3",0,6,"no lockdown","summer",NA,NA,"prediction",8769.21867713956
NA,"M-CLAS JOG. HIMBEER 200G","2021",2021-08-30,2021-09-05,"9",35,NA,"KLASSISCHE JOGHURT","JOGHURT STANDARD","0","0","0","0","0","3",0,6,"no lockdown","summer",NA,NA,"prediction",8687.24216002557
NA,"M-CLAS JOG. HIMBEER 200G","2021",2021-09-06,2021-09-12,"9",36,NA,"KLASSISCHE JOGHURT","JOGHURT STANDARD","0","0","0","0","0","3",0,6,"no lockdown","autumn",NA,NA,"prediction",8672.84339415898
NA,"M-CLAS JOG. HIMBEER 200G","2021",2021-09-13,2021-09-19,"9",37,NA,"KLASSISCHE JOGHURT","JOGHURT STANDARD","0","0","0","0","0","3",0,6,"no lockdown","autumn",NA,NA,"prediction",8662.91442921798
NA,"M-CLAS JOG. HIMBEER 200G","2021",2021-09-20,2021-09-26,"9",38,NA,"KLASSISCHE JOGHURT","JOGHURT STANDARD","0","0","0","0","0","3",0,6,"no lockdown","autumn",NA,NA,"prediction",8634.97341047571
NA,"M-CLAS JOG. HIMBEER 200G","2021",2021-09-27,2021-10-03,"9",39,NA,"KLASSISCHE JOGHURT","JOGHURT STANDARD","0","0","0","0","0","3",0,6,"no lockdown","autumn",NA,NA,"prediction",8641.36199739122
NA,"M-CLAS JOG. HIMBEER 200G","2021",2021-10-04,2021-10-10,"10",40,NA,"KLASSISCHE JOGHURT","JOGHURT STANDARD","0","0","0","0","0","4",0,6,"no lockdown","autumn",NA,NA,"prediction",8395.54429805351
NA,"M-CLAS JOG. SCHOKOLA 200G","2021",2021-06-28,2021-07-04,"7",26,NA,"KLASSISCHE JOGHURT","JOGHURT STANDARD","0","0","0","0","0","2",0,6,"no lockdown","summer",NA,NA,"prediction",20274.6413115011
NA,"M-CLAS JOG. SCHOKOLA 200G","2021",2021-07-05,2021-07-11,"7",27,NA,"KLASSISCHE JOGHURT","JOGHURT STANDARD","0","0","0","0","0","3",0,6,"no lockdown","summer",NA,NA,"prediction",20026.0551549494
NA,"M-CLAS JOG. SCHOKOLA 200G","2021",2021-07-12,2021-07-18,"7",28,NA,"KLASSISCHE JOGHURT","JOGHURT STANDARD","0","0","0","0","0","3",0,6,"no lockdown","summer",NA,NA,"prediction",18841.4411607223
NA,"M-CLAS JOG. SCHOKOLA 200G","2021",2021-07-19,2021-07-25,"7",29,NA,"KLASSISCHE JOGHURT","JOGHURT STANDARD","0","0","0","0","0","3",0,6,"no lockdown","summer",NA,NA,"prediction",18314.698935472
NA,"M-CLAS JOG. SCHOKOLA 200G","2021",2021-07-26,2021-08-01,"7",30,NA,"KLASSISCHE JOGHURT","JOGHURT STANDARD","0","0","0","0","0","3",0,6,"no lockdown","summer",NA,NA,"prediction",18139.3883329222
NA,"M-CLAS JOG. SCHOKOLA 200G","2021",2021-08-02,2021-08-08,"8",31,NA,"KLASSISCHE JOGHURT","JOGHURT STANDARD","0","0","0","0","0","3",0,6,"no lockdown","summer",NA,NA,"prediction",21237.1264504483
NA,"M-CLAS JOG. SCHOKOLA 200G","2021",2021-08-09,2021-08-15,"8",32,NA,"KLASSISCHE JOGHURT","JOGHURT STANDARD","0","0","0","0","0","3",0,6,"no lockdown","summer",NA,NA,"prediction",21997.6156254551
NA,"M-CLAS JOG. SCHOKOLA 200G","2021",2021-08-16,2021-08-22,"8",33,NA,"KLASSISCHE JOGHURT","JOGHURT STANDARD","0","0","0","0","0","3",0,6,"no lockdown","summer",NA,NA,"prediction",22674.5628969805
NA,"M-CLAS JOG. SCHOKOLA 200G","2021",2021-08-23,2021-08-29,"8",34,NA,"KLASSISCHE JOGHURT","JOGHURT STANDARD","0","0","0","0","0","3",0,6,"no lockdown","summer",NA,NA,"prediction",22795.5651656825
NA,"M-CLAS JOG. SCHOKOLA 200G","2021",2021-08-30,2021-09-05,"9",35,NA,"KLASSISCHE JOGHURT","JOGHURT STANDARD","0","0","0","0","0","3",0,6,"no lockdown","summer",NA,NA,"prediction",22038.495399613
NA,"M-CLAS JOG. SCHOKOLA 200G","2021",2021-09-06,2021-09-12,"9",36,NA,"KLASSISCHE JOGHURT","JOGHURT STANDARD","0","0","0","0","0","3",0,6,"no lockdown","autumn",NA,NA,"prediction",22070.2655772465
NA,"M-CLAS JOG. SCHOKOLA 200G","2021",2021-09-13,2021-09-19,"9",37,NA,"KLASSISCHE JOGHURT","JOGHURT STANDARD","0","0","0","0","0","3",0,6,"no lockdown","autumn",NA,NA,"prediction",21850.2087915122
NA,"M-CLAS JOG. SCHOKOLA 200G","2021",2021-09-20,2021-09-26,"9",38,NA,"KLASSISCHE JOGHURT","JOGHURT STANDARD","0","0","0","0","0","3",0,6,"no lockdown","autumn",NA,NA,"prediction",21420.7947161709
NA,"M-CLAS JOG. SCHOKOLA 200G","2021",2021-09-27,2021-10-03,"9",39,NA,"KLASSISCHE JOGHURT","JOGHURT STANDARD","0","0","0","0","0","3",0,6,"no lockdown","autumn",NA,NA,"prediction",21429.1581473266
NA,"M-CLAS JOG. SCHOKOLA 200G","2021",2021-10-04,2021-10-10,"10",40,NA,"KLASSISCHE JOGHURT","JOGHURT STANDARD","0","0","0","0","0","4",0,6,"no lockdown","autumn",NA,NA,"prediction",21843.8559944977
NA,"M-CLAS JOGHURT MOKKA 200G","2021",2021-06-28,2021-07-04,"7",26,NA,"KLASSISCHE JOGHURT","JOGHURT STANDARD","0","0","0","0","0","2",0,6,"no lockdown","summer",NA,NA,"prediction",19013.0330100477
NA,"M-CLAS JOGHURT MOKKA 200G","2021",2021-07-05,2021-07-11,"7",27,NA,"KLASSISCHE JOGHURT","JOGHURT STANDARD","0","0","0","0","0","3",0,6,"no lockdown","summer",NA,NA,"prediction",18876.0314200927
NA,"M-CLAS JOGHURT MOKKA 200G","2021",2021-07-12,2021-07-18,"7",28,NA,"KLASSISCHE JOGHURT","JOGHURT STANDARD","0","0","0","0","0","3",0,6,"no lockdown","summer",NA,NA,"prediction",17813.5192352383
NA,"M-CLAS JOGHURT MOKKA 200G","2021",2021-07-19,2021-07-25,"7",29,NA,"KLASSISCHE JOGHURT","JOGHURT STANDARD","0","0","0","0","0","3",0,6,"no lockdown","summer",NA,NA,"prediction",17434.4417906796
NA,"M-CLAS JOGHURT MOKKA 200G","2021",2021-07-26,2021-08-01,"7",30,NA,"KLASSISCHE JOGHURT","JOGHURT STANDARD","0","0","0","0","0","3",0,6,"no lockdown","summer",NA,NA,"prediction",17164.7920614898
NA,"M-CLAS JOGHURT MOKKA 200G","2021",2021-08-02,2021-08-08,"8",31,NA,"KLASSISCHE JOGHURT","JOGHURT STANDARD","0","0","0","0","0","3",0,6,"no lockdown","summer",NA,NA,"prediction",19554.067333733
NA,"M-CLAS JOGHURT MOKKA 200G","2021",2021-08-09,2021-08-15,"8",32,NA,"KLASSISCHE JOGHURT","JOGHURT STANDARD","0","0","0","0","0","3",0,6,"no lockdown","summer",NA,NA,"prediction",20199.300854776
NA,"M-CLAS JOGHURT MOKKA 200G","2021",2021-08-16,2021-08-22,"8",33,NA,"KLASSISCHE JOGHURT","JOGHURT STANDARD","0","0","0","0","0","3",0,6,"no lockdown","summer",NA,NA,"prediction",20585.3742350388
NA,"M-CLAS JOGHURT MOKKA 200G","2021",2021-08-23,2021-08-29,"8",34,NA,"KLASSISCHE JOGHURT","JOGHURT STANDARD","0","0","0","0","0","3",0,6,"no lockdown","summer",NA,NA,"prediction",20702.8484052461
NA,"M-CLAS JOGHURT MOKKA 200G","2021",2021-08-30,2021-09-05,"9",35,NA,"KLASSISCHE JOGHURT","JOGHURT STANDARD","0","0","0","0","0","3",0,6,"no lockdown","summer",NA,NA,"prediction",20180.4169804948
NA,"M-CLAS JOGHURT MOKKA 200G","2021",2021-09-06,2021-09-12,"9",36,NA,"KLASSISCHE JOGHURT","JOGHURT STANDARD","0","0","0","0","0","3",0,6,"no lockdown","autumn",NA,NA,"prediction",20190.1089955742
NA,"M-CLAS JOGHURT MOKKA 200G","2021",2021-09-13,2021-09-19,"9",37,NA,"KLASSISCHE JOGHURT","JOGHURT STANDARD","0","0","0","0","0","3",0,6,"no lockdown","autumn",NA,NA,"prediction",20009.627884674
NA,"M-CLAS JOGHURT MOKKA 200G","2021",2021-09-20,2021-09-26,"9",38,NA,"KLASSISCHE JOGHURT","JOGHURT STANDARD","0","0","0","0","0","3",0,6,"no lockdown","autumn",NA,NA,"prediction",19500.3634353167
NA,"M-CLAS JOGHURT MOKKA 200G","2021",2021-09-27,2021-10-03,"9",39,NA,"KLASSISCHE JOGHURT","JOGHURT STANDARD","0","0","0","0","0","3",0,6,"no lockdown","autumn",NA,NA,"prediction",19549.8689946804
NA,"M-CLAS JOGHURT MOKKA 200G","2021",2021-10-04,2021-10-10,"10",40,NA,"KLASSISCHE JOGHURT","JOGHURT STANDARD","0","0","0","0","0","4",0,6,"no lockdown","autumn",NA,NA,"prediction",19925.7705293827
NA,"M-CLAS JOG. APF/MANG 200G","2021",2021-06-28,2021-07-04,"7",26,NA,"KLASSISCHE JOGHURT","JOGHURT STANDARD","0","0","0","0","0","2",0,6,"no lockdown","summer",NA,NA,"prediction",8770.8702116758
NA,"M-CLAS JOG. APF/MANG 200G","2021",2021-07-05,2021-07-11,"7",27,NA,"KLASSISCHE JOGHURT","JOGHURT STANDARD","0","0","0","0","0","3",0,6,"no lockdown","summer",NA,NA,"prediction",8743.50993416587
NA,"M-CLAS JOG. APF/MANG 200G","2021",2021-07-12,2021-07-18,"7",28,NA,"KLASSISCHE JOGHURT","JOGHURT STANDARD","0","0","0","0","0","3",0,6,"no lockdown","summer",NA,NA,"prediction",8373.59758378881
NA,"M-CLAS JOG. APF/MANG 200G","2021",2021-07-19,2021-07-25,"7",29,NA,"KLASSISCHE JOGHURT","JOGHURT STANDARD","0","0","0","0","0","3",0,6,"no lockdown","summer",NA,NA,"prediction",8312.03321711771
NA,"M-CLAS JOG. APF/MANG 200G","2021",2021-07-26,2021-08-01,"7",30,NA,"KLASSISCHE JOGHURT","JOGHURT STANDARD","0","0","0","0","0","3",0,6,"no lockdown","summer",NA,NA,"prediction",8260.06298306549
NA,"M-CLAS JOG. APF/MANG 200G","2021",2021-08-02,2021-08-08,"8",31,NA,"KLASSISCHE JOGHURT","JOGHURT STANDARD","0","0","0","0","0","3",0,6,"no lockdown","summer",NA,NA,"prediction",8867.74405617542
NA,"M-CLAS JOG. APF/MANG 200G","2021",2021-08-09,2021-08-15,"8",32,NA,"KLASSISCHE JOGHURT","JOGHURT STANDARD","0","0","0","0","0","3",0,6,"no lockdown","summer",NA,NA,"prediction",9056.49277655581
NA,"M-CLAS JOG. APF/MANG 200G","2021",2021-08-16,2021-08-22,"8",33,NA,"KLASSISCHE JOGHURT","JOGHURT STANDARD","0","0","0","0","0","3",0,6,"no lockdown","summer",NA,NA,"prediction",9109.56285281226
NA,"M-CLAS JOG. APF/MANG 200G","2021",2021-08-23,2021-08-29,"8",34,NA,"KLASSISCHE JOGHURT","JOGHURT STANDARD","0","0","0","0","0","3",0,6,"no lockdown","summer",NA,NA,"prediction",9196.62541277567
NA,"M-CLAS JOG. APF/MANG 200G","2021",2021-08-30,2021-09-05,"9",35,NA,"KLASSISCHE JOGHURT","JOGHURT STANDARD","0","0","0","0","0","3",0,6,"no lockdown","summer",NA,NA,"prediction",9162.72111845993
NA,"M-CLAS JOG. APF/MANG 200G","2021",2021-09-06,2021-09-12,"9",36,NA,"KLASSISCHE JOGHURT","JOGHURT STANDARD","0","0","0","0","0","3",0,6,"no lockdown","autumn",NA,NA,"prediction",9148.28910372873
NA,"M-CLAS JOG. APF/MANG 200G","2021",2021-09-13,2021-09-19,"9",37,NA,"KLASSISCHE JOGHURT","JOGHURT STANDARD","0","0","0","0","0","3",0,6,"no lockdown","autumn",NA,NA,"prediction",9154.92028281854
NA,"M-CLAS JOG. APF/MANG 200G","2021",2021-09-20,2021-09-26,"9",38,NA,"KLASSISCHE JOGHURT","JOGHURT STANDARD","0","0","0","0","0","3",0,6,"no lockdown","autumn",NA,NA,"prediction",9140.85538962738
NA,"M-CLAS JOG. APF/MANG 200G","2021",2021-09-27,2021-10-03,"9",39,NA,"KLASSISCHE JOGHURT","JOGHURT STANDARD","0","0","0","0","0","3",0,6,"no lockdown","autumn",NA,NA,"prediction",9178.66592309838
NA,"M-CLAS JOG. APF/MANG 200G","2021",2021-10-04,2021-10-10,"10",40,NA,"KLASSISCHE JOGHURT","JOGHURT STANDARD","0","0","0","0","0","4",0,6,"no lockdown","autumn",NA,NA,"prediction",8915.86994196581
NA,"M-CLAS JOG. ERDBEER 200G","2021",2021-06-28,2021-07-04,"7",26,NA,"KLASSISCHE JOGHURT","JOGHURT STANDARD","0","0","0","0","0","2",0,6,"no lockdown","summer",NA,NA,"prediction",9639.57706330357
NA,"M-CLAS JOG. ERDBEER 200G","2021",2021-07-05,2021-07-11,"7",27,NA,"KLASSISCHE JOGHURT","JOGHURT STANDARD","0","0","0","0","0","3",0,6,"no lockdown","summer",NA,NA,"prediction",9584.62708646838
NA,"M-CLAS JOG. ERDBEER 200G","2021",2021-07-12,2021-07-18,"7",28,NA,"KLASSISCHE JOGHURT","JOGHURT STANDARD","0","0","0","0","0","3",0,6,"no lockdown","summer",NA,NA,"prediction",9218.51340235204
NA,"M-CLAS JOG. ERDBEER 200G","2021",2021-07-19,2021-07-25,"7",29,NA,"KLASSISCHE JOGHURT","JOGHURT STANDARD","0","0","0","0","0","3",0,6,"no lockdown","summer",NA,NA,"prediction",9130.19699094809
NA,"M-CLAS JOG. ERDBEER 200G","2021",2021-07-26,2021-08-01,"7",30,NA,"KLASSISCHE JOGHURT","JOGHURT STANDARD","0","0","0","0","0","3",0,6,"no lockdown","summer",NA,NA,"prediction",9055.96653668547
NA,"M-CLAS JOG. ERDBEER 200G","2021",2021-08-02,2021-08-08,"8",31,NA,"KLASSISCHE JOGHURT","JOGHURT STANDARD","0","0","0","0","0","3",0,6,"no lockdown","summer",NA,NA,"prediction",9554.44796840652
NA,"M-CLAS JOG. ERDBEER 200G","2021",2021-08-09,2021-08-15,"8",32,NA,"KLASSISCHE JOGHURT","JOGHURT STANDARD","0","0","0","0","0","3",0,6,"no lockdown","summer",NA,NA,"prediction",9744.74165950302
NA,"M-CLAS JOG. ERDBEER 200G","2021",2021-08-16,2021-08-22,"8",33,NA,"KLASSISCHE JOGHURT","JOGHURT STANDARD","0","0","0","0","0","3",0,6,"no lockdown","summer",NA,NA,"prediction",9806.52700255012
NA,"M-CLAS JOG. ERDBEER 200G","2021",2021-08-23,2021-08-29,"8",34,NA,"KLASSISCHE JOGHURT","JOGHURT STANDARD","0","0","0","0","0","3",0,6,"no lockdown","summer",NA,NA,"prediction",9876.88447638691
NA,"M-CLAS JOG. ERDBEER 200G","2021",2021-08-30,2021-09-05,"9",35,NA,"KLASSISCHE JOGHURT","JOGHURT STANDARD","0","0","0","0","0","3",0,6,"no lockdown","summer",NA,NA,"prediction",9718.89827466125
NA,"M-CLAS JOG. ERDBEER 200G","2021",2021-09-06,2021-09-12,"9",36,NA,"KLASSISCHE JOGHURT","JOGHURT STANDARD","0","0","0","0","0","3",0,6,"no lockdown","autumn",NA,NA,"prediction",9702.20878626348
NA,"M-CLAS JOG. ERDBEER 200G","2021",2021-09-13,2021-09-19,"9",37,NA,"KLASSISCHE JOGHURT","JOGHURT STANDARD","0","0","0","0","0","3",0,6,"no lockdown","autumn",NA,NA,"prediction",9691.60270873378
NA,"M-CLAS JOG. ERDBEER 200G","2021",2021-09-20,2021-09-26,"9",38,NA,"KLASSISCHE JOGHURT","JOGHURT STANDARD","0","0","0","0","0","3",0,6,"no lockdown","autumn",NA,NA,"prediction",9645.73636233426
NA,"M-CLAS JOG. ERDBEER 200G","2021",2021-09-27,2021-10-03,"9",39,NA,"KLASSISCHE JOGHURT","JOGHURT STANDARD","0","0","0","0","0","3",0,6,"no lockdown","autumn",NA,NA,"prediction",9677.64772259047
NA,"M-CLAS JOG. ERDBEER 200G","2021",2021-10-04,2021-10-10,"10",40,NA,"KLASSISCHE JOGHURT","JOGHURT STANDARD","0","0","0","0","0","4",0,6,"no lockdown","autumn",NA,NA,"prediction",9430.08977640832
NA,"M-CLAS JOG. VANILLE 200G","2021",2021-06-28,2021-07-04,"7",26,NA,"KLASSISCHE JOGHURT","JOGHURT STANDARD","0","0","0","0","0","2",0,6,"no lockdown","summer",NA,NA,"prediction",5241.15014214175
NA,"M-CLAS JOG. VANILLE 200G","2021",2021-07-05,2021-07-11,"7",27,NA,"KLASSISCHE JOGHURT","JOGHURT STANDARD","0","0","0","0","0","3",0,6,"no lockdown","summer",NA,NA,"prediction",5223.33071386916
NA,"M-CLAS JOG. VANILLE 200G","2021",2021-07-12,2021-07-18,"7",28,NA,"KLASSISCHE JOGHURT","JOGHURT STANDARD","0","0","0","0","0","3",0,6,"no lockdown","summer",NA,NA,"prediction",4918.22931976955
NA,"M-CLAS JOG. VANILLE 200G","2021",2021-07-19,2021-07-25,"7",29,NA,"KLASSISCHE JOGHURT","JOGHURT STANDARD","0","0","0","0","0","3",0,6,"no lockdown","summer",NA,NA,"prediction",4862.10986024736
NA,"M-CLAS JOG. VANILLE 200G","2021",2021-07-26,2021-08-01,"7",30,NA,"KLASSISCHE JOGHURT","JOGHURT STANDARD","0","0","0","0","0","3",0,6,"no lockdown","summer",NA,NA,"prediction",4876.87735584747
NA,"M-CLAS JOG. VANILLE 200G","2021",2021-08-02,2021-08-08,"8",31,NA,"KLASSISCHE JOGHURT","JOGHURT STANDARD","0","0","0","0","0","3",0,6,"no lockdown","summer",NA,NA,"prediction",5270.46605206645
NA,"M-CLAS JOG. VANILLE 200G","2021",2021-08-09,2021-08-15,"8",32,NA,"KLASSISCHE JOGHURT","JOGHURT STANDARD","0","0","0","0","0","3",0,6,"no lockdown","summer",NA,NA,"prediction",5329.27335514098
NA,"M-CLAS JOG. VANILLE 200G","2021",2021-08-16,2021-08-22,"8",33,NA,"KLASSISCHE JOGHURT","JOGHURT STANDARD","0","0","0","0","0","3",0,6,"no lockdown","summer",NA,NA,"prediction",5357.23637306839
NA,"M-CLAS JOG. VANILLE 200G","2021",2021-08-23,2021-08-29,"8",34,NA,"KLASSISCHE JOGHURT","JOGHURT STANDARD","0","0","0","0","0","3",0,6,"no lockdown","summer",NA,NA,"prediction",5348.474076899
NA,"M-CLAS JOG. VANILLE 200G","2021",2021-08-30,2021-09-05,"9",35,NA,"KLASSISCHE JOGHURT","JOGHURT STANDARD","0","0","0","0","0","3",0,6,"no lockdown","summer",NA,NA,"prediction",5299.93621269046
NA,"M-CLAS JOG. VANILLE 200G","2021",2021-09-06,2021-09-12,"9",36,NA,"KLASSISCHE JOGHURT","JOGHURT STANDARD","0","0","0","0","0","3",0,6,"no lockdown","autumn",NA,NA,"prediction",5282.20424875956
NA,"M-CLAS JOG. VANILLE 200G","2021",2021-09-13,2021-09-19,"9",37,NA,"KLASSISCHE JOGHURT","JOGHURT STANDARD","0","0","0","0","0","3",0,6,"no lockdown","autumn",NA,NA,"prediction",5271.9545197819
NA,"M-CLAS JOG. VANILLE 200G","2021",2021-09-20,2021-09-26,"9",38,NA,"KLASSISCHE JOGHURT","JOGHURT STANDARD","0","0","0","0","0","3",0,6,"no lockdown","autumn",NA,NA,"prediction",5203.40522040835
NA,"M-CLAS JOG. VANILLE 200G","2021",2021-09-27,2021-10-03,"9",39,NA,"KLASSISCHE JOGHURT","JOGHURT STANDARD","0","0","0","0","0","3",0,6,"no lockdown","autumn",NA,NA,"prediction",5237.48603075475
NA,"M-CLAS JOG. VANILLE 200G","2021",2021-10-04,2021-10-10,"10",40,NA,"KLASSISCHE JOGHURT","JOGHURT STANDARD","0","0","0","0","0","4",0,6,"no lockdown","autumn",NA,NA,"prediction",5082.50518170062
NA,"M-CLAS JOG. HASELNUS 200G","2021",2021-06-28,2021-07-04,"7",26,NA,"KLASSISCHE JOGHURT","JOGHURT STANDARD","0","0","0","0","0","2",0,6,"no lockdown","summer",NA,NA,"prediction",8571.50928646478
NA,"M-CLAS JOG. HASELNUS 200G","2021",2021-07-05,2021-07-11,"7",27,NA,"KLASSISCHE JOGHURT","JOGHURT STANDARD","0","0","0","0","0","3",0,6,"no lockdown","summer",NA,NA,"prediction",8541.98505198531
NA,"M-CLAS JOG. HASELNUS 200G","2021",2021-07-12,2021-07-18,"7",28,NA,"KLASSISCHE JOGHURT","JOGHURT STANDARD","0","0","0","0","0","3",0,6,"no lockdown","summer",NA,NA,"prediction",8217.77020353466
NA,"M-CLAS JOG. HASELNUS 200G","2021",2021-07-19,2021-07-25,"7",29,NA,"KLASSISCHE JOGHURT","JOGHURT STANDARD","0","0","0","0","0","3",0,6,"no lockdown","summer",NA,NA,"prediction",8158.97807497544
NA,"M-CLAS JOG. HASELNUS 200G","2021",2021-07-26,2021-08-01,"7",30,NA,"KLASSISCHE JOGHURT","JOGHURT STANDARD","0","0","0","0","0","3",0,6,"no lockdown","summer",NA,NA,"prediction",8109.11233723248
NA,"M-CLAS JOG. HASELNUS 200G","2021",2021-08-02,2021-08-08,"8",31,NA,"KLASSISCHE JOGHURT","JOGHURT STANDARD","0","0","0","0","0","3",0,6,"no lockdown","summer",NA,NA,"prediction",8683.20183563456
NA,"M-CLAS JOG. HASELNUS 200G","2021",2021-08-09,2021-08-15,"8",32,NA,"KLASSISCHE JOGHURT","JOGHURT STANDARD","0","0","0","0","0","3",0,6,"no lockdown","summer",NA,NA,"prediction",8898.46927285272
NA,"M-CLAS JOG. HASELNUS 200G","2021",2021-08-16,2021-08-22,"8",33,NA,"KLASSISCHE JOGHURT","JOGHURT STANDARD","0","0","0","0","0","3",0,6,"no lockdown","summer",NA,NA,"prediction",8959.30200519913
NA,"M-CLAS JOG. HASELNUS 200G","2021",2021-08-23,2021-08-29,"8",34,NA,"KLASSISCHE JOGHURT","JOGHURT STANDARD","0","0","0","0","0","3",0,6,"no lockdown","summer",NA,NA,"prediction",9055.37796719115
NA,"M-CLAS JOG. HASELNUS 200G","2021",2021-08-30,2021-09-05,"9",35,NA,"KLASSISCHE JOGHURT","JOGHURT STANDARD","0","0","0","0","0","3",0,6,"no lockdown","summer",NA,NA,"prediction",9065.03495565162
NA,"M-CLAS JOG. HASELNUS 200G","2021",2021-09-06,2021-09-12,"9",36,NA,"KLASSISCHE JOGHURT","JOGHURT STANDARD","0","0","0","0","0","3",0,6,"no lockdown","autumn",NA,NA,"prediction",9060.04398115078
NA,"M-CLAS JOG. HASELNUS 200G","2021",2021-09-13,2021-09-19,"9",37,NA,"KLASSISCHE JOGHURT","JOGHURT STANDARD","0","0","0","0","0","3",0,6,"no lockdown","autumn",NA,NA,"prediction",9057.71022511291
NA,"M-CLAS JOG. HASELNUS 200G","2021",2021-09-20,2021-09-26,"9",38,NA,"KLASSISCHE JOGHURT","JOGHURT STANDARD","0","0","0","0","0","3",0,6,"no lockdown","autumn",NA,NA,"prediction",9060.29903924315
NA,"M-CLAS JOG. HASELNUS 200G","2021",2021-09-27,2021-10-03,"9",39,NA,"KLASSISCHE JOGHURT","JOGHURT STANDARD","0","0","0","0","0","3",0,6,"no lockdown","autumn",NA,NA,"prediction",9094.18995608633
NA,"M-CLAS JOG. HASELNUS 200G","2021",2021-10-04,2021-10-10,"10",40,NA,"KLASSISCHE JOGHURT","JOGHURT STANDARD","0","0","0","0","0","4",0,6,"no lockdown","autumn",NA,NA,"prediction",8868.98170426897
NA,"BIFIDUS JOGH. NATURE 500G","2021",2021-06-28,2021-07-04,"7",26,NA,"JOGHURT 500G / MFP","BECHER 500G ODER MEHR","0","0","0","0","0","2",0,6,"no lockdown","summer",NA,NA,"prediction",7074.48547625284
NA,"BIFIDUS JOGH. NATURE 500G","2021",2021-07-05,2021-07-11,"7",27,NA,"JOGHURT 500G / MFP","BECHER 500G ODER MEHR","1","0","0","0","0","3",0,6,"no lockdown","summer",NA,NA,"prediction",7933.89816036838
NA,"BIFIDUS JOGH. NATURE 500G","2021",2021-07-12,2021-07-18,"7",28,NA,"JOGHURT 500G / MFP","BECHER 500G ODER MEHR","0","0","0","0","0","3",0,6,"no lockdown","summer",NA,NA,"prediction",6722.55404778136
NA,"BIFIDUS JOGH. NATURE 500G","2021",2021-07-19,2021-07-25,"7",29,NA,"JOGHURT 500G / MFP","BECHER 500G ODER MEHR","0","0","0","0","0","3",0,6,"no lockdown","summer",NA,NA,"prediction",6698.73028728613
NA,"BIFIDUS JOGH. NATURE 500G","2021",2021-07-26,2021-08-01,"7",30,NA,"JOGHURT 500G / MFP","BECHER 500G ODER MEHR","0","0","0","0","0","3",0,6,"no lockdown","summer",NA,NA,"prediction",6657.72090676244
NA,"BIFIDUS JOGH. NATURE 500G","2021",2021-08-02,2021-08-08,"8",31,NA,"JOGHURT 500G / MFP","BECHER 500G ODER MEHR","0","0","0","0","0","3",0,6,"no lockdown","summer",NA,NA,"prediction",7006.19999549589
NA,"BIFIDUS JOGH. NATURE 500G","2021",2021-08-09,2021-08-15,"8",32,NA,"JOGHURT 500G / MFP","BECHER 500G ODER MEHR","0","0","0","0","0","3",0,6,"no lockdown","summer",NA,NA,"prediction",7054.32003720041
NA,"BIFIDUS JOGH. NATURE 500G","2021",2021-08-16,2021-08-22,"8",33,NA,"JOGHURT 500G / MFP","BECHER 500G ODER MEHR","0","0","0","0","0","3",0,6,"no lockdown","summer",NA,NA,"prediction",7068.17092591925
NA,"BIFIDUS JOGH. NATURE 500G","2021",2021-08-23,2021-08-29,"8",34,NA,"JOGHURT 500G / MFP","BECHER 500G ODER MEHR","0","0","0","0","0","3",0,6,"no lockdown","summer",NA,NA,"prediction",7082.09808593962
NA,"BIFIDUS JOGH. NATURE 500G","2021",2021-08-30,2021-09-05,"9",35,NA,"JOGHURT 500G / MFP","BECHER 500G ODER MEHR","0","0","0","0","0","3",0,6,"no lockdown","summer",NA,NA,"prediction",6716.1414755904
NA,"BIFIDUS JOGH. NATURE 500G","2021",2021-09-06,2021-09-12,"9",36,NA,"JOGHURT 500G / MFP","BECHER 500G ODER MEHR","0","0","0","0","0","3",0,6,"no lockdown","autumn",NA,NA,"prediction",6680.50442879557
NA,"BIFIDUS JOGH. NATURE 500G","2021",2021-09-13,2021-09-19,"9",37,NA,"JOGHURT 500G / MFP","BECHER 500G ODER MEHR","0","0","0","0","0","3",0,6,"no lockdown","autumn",NA,NA,"prediction",6664.85235285099
NA,"BIFIDUS JOGH. NATURE 500G","2021",2021-09-20,2021-09-26,"9",38,NA,"JOGHURT 500G / MFP","BECHER 500G ODER MEHR","0","0","0","0","0","3",0,6,"no lockdown","autumn",NA,NA,"prediction",6654.70491897228
NA,"BIFIDUS JOGH. NATURE 500G","2021",2021-09-27,2021-10-03,"9",39,NA,"JOGHURT 500G / MFP","BECHER 500G ODER MEHR","0","0","0","0","0","3",0,6,"no lockdown","autumn",NA,NA,"prediction",6654.62552800527
NA,"BIFIDUS JOGH. NATURE 500G","2021",2021-10-04,2021-10-10,"10",40,NA,"JOGHURT 500G / MFP","BECHER 500G ODER MEHR","0","0","0","0","0","4",0,6,"no lockdown","autumn",NA,NA,"prediction",6567.13771287156
NA,"BIO JOGHURT NATURE 180G","2021",2021-06-28,2021-07-04,"7",26,NA,"BIO / ALNATURA","KLASSISCHE JOGHURT","0","0","0","0","0","2",0,6,"no lockdown","summer",NA,NA,"prediction",6878.22697140294
NA,"BIO JOGHURT NATURE 180G","2021",2021-07-05,2021-07-11,"7",27,NA,"BIO / ALNATURA","KLASSISCHE JOGHURT","0","0","0","0","0","3",0,6,"no lockdown","summer",NA,NA,"prediction",6832.2136946646
NA,"BIO JOGHURT NATURE 180G","2021",2021-07-12,2021-07-18,"7",28,NA,"BIO / ALNATURA","KLASSISCHE JOGHURT","0","0","0","0","0","3",0,6,"no lockdown","summer",NA,NA,"prediction",6624.06135608668
NA,"BIO JOGHURT NATURE 180G","2021",2021-07-19,2021-07-25,"7",29,NA,"BIO / ALNATURA","KLASSISCHE JOGHURT","1","0","0","0","0","3",0,6,"no lockdown","summer",NA,NA,"prediction",7923.60445206974
NA,"BIO JOGHURT NATURE 180G","2021",2021-07-26,2021-08-01,"7",30,NA,"BIO / ALNATURA","KLASSISCHE JOGHURT","0","0","0","0","0","3",0,6,"no lockdown","summer",NA,NA,"prediction",6579.26557746316
NA,"BIO JOGHURT NATURE 180G","2021",2021-08-02,2021-08-08,"8",31,NA,"BIO / ALNATURA","KLASSISCHE JOGHURT","0","0","0","0","0","3",0,6,"no lockdown","summer",NA,NA,"prediction",6995.95021769124
NA,"BIO JOGHURT NATURE 180G","2021",2021-08-09,2021-08-15,"8",32,NA,"BIO / ALNATURA","KLASSISCHE JOGHURT","0","0","0","0","0","3",0,6,"no lockdown","summer",NA,NA,"prediction",7066.54439364984
NA,"BIO JOGHURT NATURE 180G","2021",2021-08-16,2021-08-22,"8",33,NA,"BIO / ALNATURA","KLASSISCHE JOGHURT","0","0","0","1","0","3",0,6,"no lockdown","summer",NA,NA,"prediction",7063.89827869812
NA,"BIO JOGHURT NATURE 180G","2021",2021-08-23,2021-08-29,"8",34,NA,"BIO / ALNATURA","KLASSISCHE JOGHURT","0","0","0","0","0","3",0,6,"no lockdown","summer",NA,NA,"prediction",7082.49922277627
NA,"BIO JOGHURT NATURE 180G","2021",2021-08-30,2021-09-05,"9",35,NA,"BIO / ALNATURA","KLASSISCHE JOGHURT","0","0","0","0","0","3",0,6,"no lockdown","summer",NA,NA,"prediction",6718.19698847197
NA,"BIO JOGHURT NATURE 180G","2021",2021-09-06,2021-09-12,"9",36,NA,"BIO / ALNATURA","KLASSISCHE JOGHURT","0","0","0","0","0","3",0,6,"no lockdown","autumn",NA,NA,"prediction",6683.07448505094
NA,"BIO JOGHURT NATURE 180G","2021",2021-09-13,2021-09-19,"9",37,NA,"BIO / ALNATURA","KLASSISCHE JOGHURT","1","0","0","0","0","3",0,6,"no lockdown","autumn",NA,NA,"prediction",7828.08729626758
NA,"BIO JOGHURT NATURE 180G","2021",2021-09-20,2021-09-26,"9",38,NA,"BIO / ALNATURA","KLASSISCHE JOGHURT","0","0","0","0","0","3",0,6,"no lockdown","autumn",NA,NA,"prediction",6700.95414584196
NA,"BIO JOGHURT NATURE 180G","2021",2021-09-27,2021-10-03,"9",39,NA,"BIO / ALNATURA","KLASSISCHE JOGHURT","0","0","0","0","0","3",0,6,"no lockdown","autumn",NA,NA,"prediction",6690.71568728194
NA,"BIO JOGHURT NATURE 180G","2021",2021-10-04,2021-10-10,"10",40,NA,"BIO / ALNATURA","KLASSISCHE JOGHURT","0","0","0","0","0","4",0,6,"no lockdown","autumn",NA,NA,"prediction",6688.44007325293
NA,"EXC JOGHURT TRUFFES 150G","2021",2021-06-28,2021-07-04,"7",26,NA,"JOGHURT SPECIAL / GENUSS","RAHMJOGHURT / GRIECHISCH","0","0","0","0","0","2",0,6,"no lockdown","summer",NA,NA,"prediction",4636.23154152016
NA,"EXC JOGHURT TRUFFES 150G","2021",2021-07-05,2021-07-11,"7",27,NA,"JOGHURT SPECIAL / GENUSS","RAHMJOGHURT / GRIECHISCH","0","0","0","0","0","3",0,6,"no lockdown","summer",NA,NA,"prediction",4554.64447783027
NA,"EXC JOGHURT TRUFFES 150G","2021",2021-07-12,2021-07-18,"7",28,NA,"JOGHURT SPECIAL / GENUSS","RAHMJOGHURT / GRIECHISCH","0","0","0","0","0","3",0,6,"no lockdown","summer",NA,NA,"prediction",4446.27820975701
NA,"EXC JOGHURT TRUFFES 150G","2021",2021-07-19,2021-07-25,"7",29,NA,"JOGHURT SPECIAL / GENUSS","RAHMJOGHURT / GRIECHISCH","0","0","0","0","0","3",0,6,"no lockdown","summer",NA,NA,"prediction",4383.34633950558
NA,"EXC JOGHURT TRUFFES 150G","2021",2021-07-26,2021-08-01,"7",30,NA,"JOGHURT SPECIAL / GENUSS","RAHMJOGHURT / GRIECHISCH","0","0","0","0","0","3",0,6,"no lockdown","summer",NA,NA,"prediction",4361.97545616746
NA,"EXC JOGHURT TRUFFES 150G","2021",2021-08-02,2021-08-08,"8",31,NA,"JOGHURT SPECIAL / GENUSS","RAHMJOGHURT / GRIECHISCH","0","0","0","0","0","3",0,6,"no lockdown","summer",NA,NA,"prediction",4633.58469255215
NA,"EXC JOGHURT TRUFFES 150G","2021",2021-08-09,2021-08-15,"8",32,NA,"JOGHURT SPECIAL / GENUSS","RAHMJOGHURT / GRIECHISCH","0","0","0","0","0","3",0,6,"no lockdown","summer",NA,NA,"prediction",4744.03298219766
NA,"EXC JOGHURT TRUFFES 150G","2021",2021-08-16,2021-08-22,"8",33,NA,"JOGHURT SPECIAL / GENUSS","RAHMJOGHURT / GRIECHISCH","0","0","0","0","0","3",0,6,"no lockdown","summer",NA,NA,"prediction",4762.58026843218
NA,"EXC JOGHURT TRUFFES 150G","2021",2021-08-23,2021-08-29,"8",34,NA,"JOGHURT SPECIAL / GENUSS","RAHMJOGHURT / GRIECHISCH","0","0","0","0","0","3",0,6,"no lockdown","summer",NA,NA,"prediction",4817.16891968324
NA,"EXC JOGHURT TRUFFES 150G","2021",2021-08-30,2021-09-05,"9",35,NA,"JOGHURT SPECIAL / GENUSS","RAHMJOGHURT / GRIECHISCH","0","0","0","0","0","3",0,6,"no lockdown","summer",NA,NA,"prediction",4790.47178080709
NA,"EXC JOGHURT TRUFFES 150G","2021",2021-09-06,2021-09-12,"9",36,NA,"JOGHURT SPECIAL / GENUSS","RAHMJOGHURT / GRIECHISCH","0","0","0","1","0","3",0,6,"no lockdown","autumn",NA,NA,"prediction",4768.85458495366
NA,"EXC JOGHURT TRUFFES 150G","2021",2021-09-13,2021-09-19,"9",37,NA,"JOGHURT SPECIAL / GENUSS","RAHMJOGHURT / GRIECHISCH","0","0","0","0","0","3",0,6,"no lockdown","autumn",NA,NA,"prediction",4883.54461311895
NA,"EXC JOGHURT TRUFFES 150G","2021",2021-09-20,2021-09-26,"9",38,NA,"JOGHURT SPECIAL / GENUSS","RAHMJOGHURT / GRIECHISCH","0","0","0","0","0","3",0,6,"no lockdown","autumn",NA,NA,"prediction",4871.58190578408
NA,"EXC JOGHURT TRUFFES 150G","2021",2021-09-27,2021-10-03,"9",39,NA,"JOGHURT SPECIAL / GENUSS","RAHMJOGHURT / GRIECHISCH","0","0","0","0","0","3",0,6,"no lockdown","autumn",NA,NA,"prediction",4875.66011711252
NA,"EXC JOGHURT TRUFFES 150G","2021",2021-10-04,2021-10-10,"10",40,NA,"JOGHURT SPECIAL / GENUSS","RAHMJOGHURT / GRIECHISCH","0","0","0","0","0","4",0,6,"no lockdown","autumn",NA,NA,"prediction",4815.54987954913
NA,"YOGOS GRECQUE NATURE 180G","2021",2021-06-28,2021-07-04,"7",26,NA,"JOGHURT SPECIAL / GENUSS","RAHMJOGHURT / GRIECHISCH","0","0","0","0","0","2",0,6,"no lockdown","summer",NA,NA,"prediction",7843.36123315497
NA,"YOGOS GRECQUE NATURE 180G","2021",2021-07-05,2021-07-11,"7",27,NA,"JOGHURT SPECIAL / GENUSS","RAHMJOGHURT / GRIECHISCH","0","0","0","0","0","3",0,6,"no lockdown","summer",NA,NA,"prediction",7782.45395696457
NA,"YOGOS GRECQUE NATURE 180G","2021",2021-07-12,2021-07-18,"7",28,NA,"JOGHURT SPECIAL / GENUSS","RAHMJOGHURT / GRIECHISCH","0","0","0","0","0","3",0,6,"no lockdown","summer",NA,NA,"prediction",7434.47445420738
NA,"YOGOS GRECQUE NATURE 180G","2021",2021-07-19,2021-07-25,"7",29,NA,"JOGHURT SPECIAL / GENUSS","RAHMJOGHURT / GRIECHISCH","0","0","0","0","0","3",0,6,"no lockdown","summer",NA,NA,"prediction",7398.37274228267
NA,"YOGOS GRECQUE NATURE 180G","2021",2021-07-26,2021-08-01,"7",30,NA,"JOGHURT SPECIAL / GENUSS","RAHMJOGHURT / GRIECHISCH","0","0","0","0","0","3",0,6,"no lockdown","summer",NA,NA,"prediction",7433.73492423003
NA,"YOGOS GRECQUE NATURE 180G","2021",2021-08-02,2021-08-08,"8",31,NA,"JOGHURT SPECIAL / GENUSS","RAHMJOGHURT / GRIECHISCH","0","0","0","0","0","3",0,6,"no lockdown","summer",NA,NA,"prediction",8080.78043031505
NA,"YOGOS GRECQUE NATURE 180G","2021",2021-08-09,2021-08-15,"8",32,NA,"JOGHURT SPECIAL / GENUSS","RAHMJOGHURT / GRIECHISCH","0","0","0","0","0","3",0,6,"no lockdown","summer",NA,NA,"prediction",8153.29150672148
NA,"YOGOS GRECQUE NATURE 180G","2021",2021-08-16,2021-08-22,"8",33,NA,"JOGHURT SPECIAL / GENUSS","RAHMJOGHURT / GRIECHISCH","0","0","0","0","0","3",0,6,"no lockdown","summer",NA,NA,"prediction",8139.47256006373
NA,"YOGOS GRECQUE NATURE 180G","2021",2021-08-23,2021-08-29,"8",34,NA,"JOGHURT SPECIAL / GENUSS","RAHMJOGHURT / GRIECHISCH","0","0","0","0","0","3",0,6,"no lockdown","summer",NA,NA,"prediction",8149.71845048874
NA,"YOGOS GRECQUE NATURE 180G","2021",2021-08-30,2021-09-05,"9",35,NA,"JOGHURT SPECIAL / GENUSS","RAHMJOGHURT / GRIECHISCH","0","0","0","0","0","3",0,6,"no lockdown","summer",NA,NA,"prediction",7314.12191720674
NA,"YOGOS GRECQUE NATURE 180G","2021",2021-09-06,2021-09-12,"9",36,NA,"JOGHURT SPECIAL / GENUSS","RAHMJOGHURT / GRIECHISCH","0","0","0","0","0","3",0,6,"no lockdown","autumn",NA,NA,"prediction",7226.19539678013
NA,"YOGOS GRECQUE NATURE 180G","2021",2021-09-13,2021-09-19,"9",37,NA,"JOGHURT SPECIAL / GENUSS","RAHMJOGHURT / GRIECHISCH","0","0","0","0","0","3",0,6,"no lockdown","autumn",NA,NA,"prediction",7263.1255698939
NA,"YOGOS GRECQUE NATURE 180G","2021",2021-09-20,2021-09-26,"9",38,NA,"JOGHURT SPECIAL / GENUSS","RAHMJOGHURT / GRIECHISCH","0","0","0","0","0","3",0,6,"no lockdown","autumn",NA,NA,"prediction",7282.31433261679
NA,"YOGOS GRECQUE NATURE 180G","2021",2021-09-27,2021-10-03,"9",39,NA,"JOGHURT SPECIAL / GENUSS","RAHMJOGHURT / GRIECHISCH","0","0","0","0","0","3",0,6,"no lockdown","autumn",NA,NA,"prediction",7281.32550146599
NA,"YOGOS GRECQUE NATURE 180G","2021",2021-10-04,2021-10-10,"10",40,NA,"JOGHURT SPECIAL / GENUSS","RAHMJOGHURT / GRIECHISCH","0","0","0","0","0","4",0,6,"no lockdown","autumn",NA,NA,"prediction",7232.23752831284
NA,"BIO JOGHURT NATURE 500G","2021",2021-06-28,2021-07-04,"7",26,NA,"BIO / ALNATURA","JOGHURT 500G / MFP","0","0","0","0","0","2",0,6,"no lockdown","summer",NA,NA,"prediction",5884.34392313057
NA,"BIO JOGHURT NATURE 500G","2021",2021-07-05,2021-07-11,"7",27,NA,"BIO / ALNATURA","JOGHURT 500G / MFP","0","0","0","0","0","3",0,6,"no lockdown","summer",NA,NA,"prediction",5805.55812175969
NA,"BIO JOGHURT NATURE 500G","2021",2021-07-12,2021-07-18,"7",28,NA,"BIO / ALNATURA","JOGHURT 500G / MFP","0","0","0","0","0","3",0,6,"no lockdown","summer",NA,NA,"prediction",5586.70106789651
NA,"BIO JOGHURT NATURE 500G","2021",2021-07-19,2021-07-25,"7",29,NA,"BIO / ALNATURA","JOGHURT 500G / MFP","1","0","0","0","0","3",0,6,"no lockdown","summer",NA,NA,"prediction",7257.93337658734
NA,"BIO JOGHURT NATURE 500G","2021",2021-07-26,2021-08-01,"7",30,NA,"BIO / ALNATURA","JOGHURT 500G / MFP","0","0","0","0","0","3",0,6,"no lockdown","summer",NA,NA,"prediction",5561.1472318133
NA,"BIO JOGHURT NATURE 500G","2021",2021-08-02,2021-08-08,"8",31,NA,"BIO / ALNATURA","JOGHURT 500G / MFP","0","0","0","0","0","3",0,6,"no lockdown","summer",NA,NA,"prediction",5966.61500138595
NA,"BIO JOGHURT NATURE 500G","2021",2021-08-09,2021-08-15,"8",32,NA,"BIO / ALNATURA","JOGHURT 500G / MFP","0","0","0","0","0","3",0,6,"no lockdown","summer",NA,NA,"prediction",6062.5969028647
NA,"BIO JOGHURT NATURE 500G","2021",2021-08-16,2021-08-22,"8",33,NA,"BIO / ALNATURA","JOGHURT 500G / MFP","0","0","0","1","0","3",0,6,"no lockdown","summer",NA,NA,"prediction",6066.87731129802
NA,"BIO JOGHURT NATURE 500G","2021",2021-08-23,2021-08-29,"8",34,NA,"BIO / ALNATURA","JOGHURT 500G / MFP","0","0","0","0","0","3",0,6,"no lockdown","summer",NA,NA,"prediction",6126.51216673148
NA,"BIO JOGHURT NATURE 500G","2021",2021-08-30,2021-09-05,"9",35,NA,"BIO / ALNATURA","JOGHURT 500G / MFP","0","0","0","0","0","3",0,6,"no lockdown","summer",NA,NA,"prediction",5758.66254531446
NA,"BIO JOGHURT NATURE 500G","2021",2021-09-06,2021-09-12,"9",36,NA,"BIO / ALNATURA","JOGHURT 500G / MFP","0","0","0","0","0","3",0,6,"no lockdown","autumn",NA,NA,"prediction",5746.09945651894
NA,"BIO JOGHURT NATURE 500G","2021",2021-09-13,2021-09-19,"9",37,NA,"BIO / ALNATURA","JOGHURT 500G / MFP","1","0","0","0","0","3",0,6,"no lockdown","autumn",NA,NA,"prediction",7128.26465253202
NA,"BIO JOGHURT NATURE 500G","2021",2021-09-20,2021-09-26,"9",38,NA,"BIO / ALNATURA","JOGHURT 500G / MFP","0","0","0","0","0","3",0,6,"no lockdown","autumn",NA,NA,"prediction",5748.19827977237
NA,"BIO JOGHURT NATURE 500G","2021",2021-09-27,2021-10-03,"9",39,NA,"BIO / ALNATURA","JOGHURT 500G / MFP","0","0","0","0","0","3",0,6,"no lockdown","autumn",NA,NA,"prediction",5722.13770669465
NA,"BIO JOGHURT NATURE 500G","2021",2021-10-04,2021-10-10,"10",40,NA,"BIO / ALNATURA","JOGHURT 500G / MFP","0","0","0","0","0","4",0,6,"no lockdown","autumn",NA,NA,"prediction",5655.61554417396
NA,"BIFIDUS JOGH. NATURE 150G","2021",2021-06-28,2021-07-04,"7",26,NA,"JOGHURT GESUNDHEIT","PROBIOTISCH","0","0","0","0","0","2",0,6,"no lockdown","summer",NA,NA,"prediction",14828.4271348629
NA,"BIFIDUS JOGH. NATURE 150G","2021",2021-07-05,2021-07-11,"7",27,NA,"JOGHURT GESUNDHEIT","PROBIOTISCH","1","0","0","0","0","3",0,6,"no lockdown","summer",NA,NA,"prediction",15949.3514882915
NA,"BIFIDUS JOGH. NATURE 150G","2021",2021-07-12,2021-07-18,"7",28,NA,"JOGHURT GESUNDHEIT","PROBIOTISCH","0","0","0","0","0","3",0,6,"no lockdown","summer",NA,NA,"prediction",14246.1729964328
NA,"BIFIDUS JOGH. NATURE 150G","2021",2021-07-19,2021-07-25,"7",29,NA,"JOGHURT GESUNDHEIT","PROBIOTISCH","0","0","0","0","0","3",0,6,"no lockdown","summer",NA,NA,"prediction",14214.0971765261
NA,"BIFIDUS JOGH. NATURE 150G","2021",2021-07-26,2021-08-01,"7",30,NA,"JOGHURT GESUNDHEIT","PROBIOTISCH","0","0","0","0","0","3",0,6,"no lockdown","summer",NA,NA,"prediction",14209.8751977858
NA,"BIFIDUS JOGH. NATURE 150G","2021",2021-08-02,2021-08-08,"8",31,NA,"JOGHURT GESUNDHEIT","PROBIOTISCH","0","0","0","0","0","3",0,6,"no lockdown","summer",NA,NA,"prediction",14477.7048652694
NA,"BIFIDUS JOGH. NATURE 150G","2021",2021-08-09,2021-08-15,"8",32,NA,"JOGHURT GESUNDHEIT","PROBIOTISCH","0","0","0","0","0","3",0,6,"no lockdown","summer",NA,NA,"prediction",14591.0474276445
NA,"BIFIDUS JOGH. NATURE 150G","2021",2021-08-16,2021-08-22,"8",33,NA,"JOGHURT GESUNDHEIT","PROBIOTISCH","0","0","0","0","0","3",0,6,"no lockdown","summer",NA,NA,"prediction",14620.6427376007
NA,"BIFIDUS JOGH. NATURE 150G","2021",2021-08-23,2021-08-29,"8",34,NA,"JOGHURT GESUNDHEIT","PROBIOTISCH","0","0","0","0","0","3",0,6,"no lockdown","summer",NA,NA,"prediction",14649.5502254055
NA,"BIFIDUS JOGH. NATURE 150G","2021",2021-08-30,2021-09-05,"9",35,NA,"JOGHURT GESUNDHEIT","PROBIOTISCH","0","0","0","0","0","3",0,6,"no lockdown","summer",NA,NA,"prediction",14323.4135032232
NA,"BIFIDUS JOGH. NATURE 150G","2021",2021-09-06,2021-09-12,"9",36,NA,"JOGHURT GESUNDHEIT","PROBIOTISCH","0","0","0","0","0","3",0,6,"no lockdown","autumn",NA,NA,"prediction",14305.7094589528
NA,"BIFIDUS JOGH. NATURE 150G","2021",2021-09-13,2021-09-19,"9",37,NA,"JOGHURT GESUNDHEIT","PROBIOTISCH","0","0","0","0","0","3",0,6,"no lockdown","autumn",NA,NA,"prediction",14294.5756097462
NA,"BIFIDUS JOGH. NATURE 150G","2021",2021-09-20,2021-09-26,"9",38,NA,"JOGHURT GESUNDHEIT","PROBIOTISCH","0","0","0","0","0","3",0,6,"no lockdown","autumn",NA,NA,"prediction",14286.5696445947
NA,"BIFIDUS JOGH. NATURE 150G","2021",2021-09-27,2021-10-03,"9",39,NA,"JOGHURT GESUNDHEIT","PROBIOTISCH","0","0","0","0","0","3",0,6,"no lockdown","autumn",NA,NA,"prediction",14321.475932726
NA,"BIFIDUS JOGH. NATURE 150G","2021",2021-10-04,2021-10-10,"10",40,NA,"JOGHURT GESUNDHEIT","PROBIOTISCH","0","0","0","0","0","4",0,6,"no lockdown","autumn",NA,NA,"prediction",14274.2141212116
NA,"VALFLORA CREME FRAICHE NA","2021",2021-06-28,2021-07-04,"7",26,NA,"RAHM","SAUERRAHM","1","0","0","0","0","2",0,6,"no lockdown","summer",NA,NA,"prediction",12661.2640071813
NA,"VALFLORA CREME FRAICHE NA","2021",2021-07-05,2021-07-11,"7",27,NA,"RAHM","SAUERRAHM","1","0","0","0","0","3",0,6,"no lockdown","summer",NA,NA,"prediction",12418.1698467671
NA,"VALFLORA CREME FRAICHE NA","2021",2021-07-12,2021-07-18,"7",28,NA,"RAHM","SAUERRAHM","0","0","0","0","0","3",0,6,"no lockdown","summer",NA,NA,"prediction",10066.3545969399
NA,"VALFLORA CREME FRAICHE NA","2021",2021-07-19,2021-07-25,"7",29,NA,"RAHM","SAUERRAHM","1","0","0","0","0","3",0,6,"no lockdown","summer",NA,NA,"prediction",12258.4140817515
NA,"VALFLORA CREME FRAICHE NA","2021",2021-07-26,2021-08-01,"7",30,NA,"RAHM","SAUERRAHM","0","0","0","0","0","3",0,6,"no lockdown","summer",NA,NA,"prediction",10110.5182535907
NA,"VALFLORA CREME FRAICHE NA","2021",2021-08-02,2021-08-08,"8",31,NA,"RAHM","SAUERRAHM","0","0","0","0","0","3",0,6,"no lockdown","summer",NA,NA,"prediction",10527.9021341118
NA,"VALFLORA CREME FRAICHE NA","2021",2021-08-09,2021-08-15,"8",32,NA,"RAHM","SAUERRAHM","1","0","0","0","0","3",0,6,"no lockdown","summer",NA,NA,"prediction",13251.2320977332
NA,"VALFLORA CREME FRAICHE NA","2021",2021-08-16,2021-08-22,"8",33,NA,"RAHM","SAUERRAHM","0","0","0","0","0","3",0,6,"no lockdown","summer",NA,NA,"prediction",10598.831886835
NA,"VALFLORA CREME FRAICHE NA","2021",2021-08-23,2021-08-29,"8",34,NA,"RAHM","SAUERRAHM","0","0","0","0","0","3",0,6,"no lockdown","summer",NA,NA,"prediction",10605.8094460536
NA,"VALFLORA CREME FRAICHE NA","2021",2021-08-30,2021-09-05,"9",35,NA,"RAHM","SAUERRAHM","0","0","0","0","0","3",0,6,"no lockdown","summer",NA,NA,"prediction",10324.7373069924
NA,"VALFLORA CREME FRAICHE NA","2021",2021-09-06,2021-09-12,"9",36,NA,"RAHM","SAUERRAHM","0","0","0","0","0","3",0,6,"no lockdown","autumn",NA,NA,"prediction",10319.2402039621
NA,"VALFLORA CREME FRAICHE NA","2021",2021-09-13,2021-09-19,"9",37,NA,"RAHM","SAUERRAHM","0","0","0","0","0","3",0,6,"no lockdown","autumn",NA,NA,"prediction",10323.9752587576
NA,"VALFLORA CREME FRAICHE NA","2021",2021-09-20,2021-09-26,"9",38,NA,"RAHM","SAUERRAHM","1","0","0","0","0","3",0,6,"no lockdown","autumn",NA,NA,"prediction",12476.8717311188
NA,"VALFLORA CREME FRAICHE NA","2021",2021-09-27,2021-10-03,"9",39,NA,"RAHM","SAUERRAHM","0","0","0","0","0","3",0,6,"no lockdown","autumn",NA,NA,"prediction",10337.5564839878
NA,"VALFLORA CREME FRAICHE NA","2021",2021-10-04,2021-10-10,"10",40,NA,"RAHM","SAUERRAHM","0","0","0","0","0","4",0,6,"no lockdown","autumn",NA,NA,"prediction",10411.4558220313
NA,"AHA JOGHURT LAKTOSEF CLAS","2021",2021-06-28,2021-07-04,"7",26,NA,"JOGHURT GESUNDHEIT","UEBRIGE","0","0","0","0","0","2",0,6,"no lockdown","summer",NA,NA,"prediction",4825.67284299886
NA,"AHA JOGHURT LAKTOSEF CLAS","2021",2021-07-05,2021-07-11,"7",27,NA,"JOGHURT GESUNDHEIT","UEBRIGE","0","0","0","0","0","3",0,6,"no lockdown","summer",NA,NA,"prediction",4780.90533857052
NA,"AHA JOGHURT LAKTOSEF CLAS","2021",2021-07-12,2021-07-18,"7",28,NA,"JOGHURT GESUNDHEIT","UEBRIGE","0","0","0","0","0","3",0,6,"no lockdown","summer",NA,NA,"prediction",4656.62817339154
NA,"AHA JOGHURT LAKTOSEF CLAS","2021",2021-07-19,2021-07-25,"7",29,NA,"JOGHURT GESUNDHEIT","UEBRIGE","0","0","0","0","0","3",0,6,"no lockdown","summer",NA,NA,"prediction",4600.29108231261
NA,"AHA JOGHURT LAKTOSEF CLAS","2021",2021-07-26,2021-08-01,"7",30,NA,"JOGHURT GESUNDHEIT","UEBRIGE","0","0","0","0","0","3",0,6,"no lockdown","summer",NA,NA,"prediction",4599.07341673126
NA,"AHA JOGHURT LAKTOSEF CLAS","2021",2021-08-02,2021-08-08,"8",31,NA,"JOGHURT GESUNDHEIT","UEBRIGE","0","0","0","0","0","3",0,6,"no lockdown","summer",NA,NA,"prediction",4839.69162059774
NA,"AHA JOGHURT LAKTOSEF CLAS","2021",2021-08-09,2021-08-15,"8",32,NA,"JOGHURT GESUNDHEIT","UEBRIGE","0","0","0","0","0","3",0,6,"no lockdown","summer",NA,NA,"prediction",4896.26418122162
NA,"AHA JOGHURT LAKTOSEF CLAS","2021",2021-08-16,2021-08-22,"8",33,NA,"JOGHURT GESUNDHEIT","UEBRIGE","0","0","0","0","0","3",0,6,"no lockdown","summer",NA,NA,"prediction",4890.35402456893
NA,"AHA JOGHURT LAKTOSEF CLAS","2021",2021-08-23,2021-08-29,"8",34,NA,"JOGHURT GESUNDHEIT","UEBRIGE","0","0","0","0","0","3",0,6,"no lockdown","summer",NA,NA,"prediction",4930.80069952316
NA,"AHA JOGHURT LAKTOSEF CLAS","2021",2021-08-30,2021-09-05,"9",35,NA,"JOGHURT GESUNDHEIT","UEBRIGE","0","0","0","0","0","3",0,6,"no lockdown","summer",NA,NA,"prediction",4765.32193362989
NA,"AHA JOGHURT LAKTOSEF CLAS","2021",2021-09-06,2021-09-12,"9",36,NA,"JOGHURT GESUNDHEIT","UEBRIGE","0","0","0","0","0","3",0,6,"no lockdown","autumn",NA,NA,"prediction",4757.49327254209
NA,"AHA JOGHURT LAKTOSEF CLAS","2021",2021-09-13,2021-09-19,"9",37,NA,"JOGHURT GESUNDHEIT","UEBRIGE","0","0","0","0","0","3",0,6,"no lockdown","autumn",NA,NA,"prediction",4749.81250183674
NA,"AHA JOGHURT LAKTOSEF CLAS","2021",2021-09-20,2021-09-26,"9",38,NA,"JOGHURT GESUNDHEIT","UEBRIGE","0","0","0","0","0","3",0,6,"no lockdown","autumn",NA,NA,"prediction",4728.7840474303
NA,"AHA JOGHURT LAKTOSEF CLAS","2021",2021-09-27,2021-10-03,"9",39,NA,"JOGHURT GESUNDHEIT","UEBRIGE","0","0","0","0","0","3",0,6,"no lockdown","autumn",NA,NA,"prediction",4787.18938120834
NA,"AHA JOGHURT LAKTOSEF CLAS","2021",2021-10-04,2021-10-10,"10",40,NA,"JOGHURT GESUNDHEIT","UEBRIGE","0","0","0","0","0","4",0,6,"no lockdown","autumn",NA,NA,"prediction",4574.14425581922
