"article_name","year","yrwk_start","yrwk_end","month","week","category_1","category_2","promo_01","promo_02","promo_03","promo_04","promo_05","sales"
"BIO FAIRT.JOG.MOKKA 180G",2021,2021-06-28,2021-07-04,7,26,"BIO / ALNATURA","KLASSISCHE JOGHURT",0,0,0,0,0,3269.28510185776
"BIO FAIRT.JOG.MOKKA 180G",2021,2021-07-05,2021-07-11,7,27,"BIO / ALNATURA","KLASSISCHE JOGHURT",0,0,0,0,0,3198.16858086837
"BIO FAIRT.JOG.MOKKA 180G",2021,2021-07-12,2021-07-18,7,28,"BIO / ALNATURA","KLASSISCHE JOGHURT",0,0,0,0,0,3147.6734569393
"BIO FAIRT.JOG.MOKKA 180G",2021,2021-07-19,2021-07-25,7,29,"BIO / ALNATURA","KLASSISCHE JOGHURT",1,0,0,0,0,4245.51367119827
"BIO FAIRT.JOG.MOKKA 180G",2021,2021-07-26,2021-08-01,7,30,"BIO / ALNATURA","KLASSISCHE JOGHURT",0,0,0,0,0,3116.47142134207
"BIO FAIRT.JOG.MOKKA 180G",2021,2021-08-02,2021-08-08,8,31,"BIO / ALNATURA","KLASSISCHE JOGHURT",0,0,0,0,0,3131.90849330859
"BIO FAIRT.JOG.MOKKA 180G",2021,2021-08-09,2021-08-15,8,32,"BIO / ALNATURA","KLASSISCHE JOGHURT",0,0,0,0,0,3161.33498020184
"BIO FAIRT.JOG.MOKKA 180G",2021,2021-08-16,2021-08-22,8,33,"BIO / ALNATURA","KLASSISCHE JOGHURT",0,0,0,1,0,3198.17606228428
"BIO FAIRT.JOG.MOKKA 180G",2021,2021-08-23,2021-08-29,8,34,"BIO / ALNATURA","KLASSISCHE JOGHURT",0,0,0,0,0,3236.12233242643
"BIO FAIRT.JOG.MOKKA 180G",2021,2021-08-30,2021-09-05,9,35,"BIO / ALNATURA","KLASSISCHE JOGHURT",0,0,0,0,0,3270.27040151397
"BIO FAIRT.JOG.MOKKA 180G",2021,2021-09-06,2021-09-12,9,36,"BIO / ALNATURA","KLASSISCHE JOGHURT",0,0,0,0,0,3297.90490410211
"BIO FAIRT.JOG.MOKKA 180G",2021,2021-09-13,2021-09-19,9,37,"BIO / ALNATURA","KLASSISCHE JOGHURT",1,0,0,0,0,4443.69295132255
"BIO FAIRT.JOG.MOKKA 180G",2021,2021-09-20,2021-09-26,9,38,"BIO / ALNATURA","KLASSISCHE JOGHURT",0,0,0,0,0,3334.78348491204
"BIO FAIRT.JOG.MOKKA 180G",2021,2021-09-27,2021-10-03,9,39,"BIO / ALNATURA","KLASSISCHE JOGHURT",0,0,0,0,0,3349.26329605555
"BIO FAIRT.JOG.MOKKA 180G",2021,2021-10-04,2021-10-10,10,40,"BIO / ALNATURA","KLASSISCHE JOGHURT",0,0,0,0,0,3365.83679718067
"MB JOGHURT NATUR 500G",2021,2021-06-28,2021-07-04,7,26,"JOGHURT 500G / MFP","BECHER 500G ODER MEHR",0,0,0,0,0,7292.51725272367
"MB JOGHURT NATUR 500G",2021,2021-07-05,2021-07-11,7,27,"JOGHURT 500G / MFP","BECHER 500G ODER MEHR",0,0,0,0,0,7173.20173283879
"MB JOGHURT NATUR 500G",2021,2021-07-12,2021-07-18,7,28,"JOGHURT 500G / MFP","BECHER 500G ODER MEHR",0,0,0,0,0,7084.08987676282
"MB JOGHURT NATUR 500G",2021,2021-07-19,2021-07-25,7,29,"JOGHURT 500G / MFP","BECHER 500G ODER MEHR",0,0,0,0,0,7047.41689453771
"MB JOGHURT NATUR 500G",2021,2021-07-26,2021-08-01,7,30,"JOGHURT 500G / MFP","BECHER 500G ODER MEHR",0,0,0,0,0,7075.14470832379
"MB JOGHURT NATUR 500G",2021,2021-08-02,2021-08-08,8,31,"JOGHURT 500G / MFP","BECHER 500G ODER MEHR",0,0,0,0,0,6858.83803991749
"MB JOGHURT NATUR 500G",2021,2021-08-09,2021-08-15,8,32,"JOGHURT 500G / MFP","BECHER 500G ODER MEHR",0,0,0,0,0,6998.80990615049
"MB JOGHURT NATUR 500G",2021,2021-08-16,2021-08-22,8,33,"JOGHURT 500G / MFP","BECHER 500G ODER MEHR",0,0,0,0,0,7163.55085401051
"MB JOGHURT NATUR 500G",2021,2021-08-23,2021-08-29,8,34,"JOGHURT 500G / MFP","BECHER 500G ODER MEHR",0,0,0,0,0,7324.21157468802
"MB JOGHURT NATUR 500G",2021,2021-08-30,2021-09-05,9,35,"JOGHURT 500G / MFP","BECHER 500G ODER MEHR",0,0,0,0,0,7146.59172452593
"MB JOGHURT NATUR 500G",2021,2021-09-06,2021-09-12,9,36,"JOGHURT 500G / MFP","BECHER 500G ODER MEHR",0,0,0,0,0,7226.36355183981
"MB JOGHURT NATUR 500G",2021,2021-09-13,2021-09-19,9,37,"JOGHURT 500G / MFP","BECHER 500G ODER MEHR",0,0,0,0,0,7249.74300296514
"MB JOGHURT NATUR 500G",2021,2021-09-20,2021-09-26,9,38,"JOGHURT 500G / MFP","BECHER 500G ODER MEHR",0,0,0,0,0,7223.97037917011
"MB JOGHURT NATUR 500G",2021,2021-09-27,2021-10-03,9,39,"JOGHURT 500G / MFP","BECHER 500G ODER MEHR",0,0,0,0,0,7168.16472081176
"MB JOGHURT NATUR 500G",2021,2021-10-04,2021-10-10,10,40,"JOGHURT 500G / MFP","BECHER 500G ODER MEHR",0,0,0,0,0,6801.30116063443
"M-CLAS JOG. HEIDELBE 200G",2021,2021-06-28,2021-07-04,7,26,"KLASSISCHE JOGHURT","JOGHURT STANDARD",0,0,0,0,0,8417.78728732229
"M-CLAS JOG. HEIDELBE 200G",2021,2021-07-05,2021-07-11,7,27,"KLASSISCHE JOGHURT","JOGHURT STANDARD",0,0,0,0,0,8265.78493135925
"M-CLAS JOG. HEIDELBE 200G",2021,2021-07-12,2021-07-18,7,28,"KLASSISCHE JOGHURT","JOGHURT STANDARD",0,0,0,0,0,8156.57904480794
"M-CLAS JOG. HEIDELBE 200G",2021,2021-07-19,2021-07-25,7,29,"KLASSISCHE JOGHURT","JOGHURT STANDARD",0,0,0,0,0,8111.61853356813
"M-CLAS JOG. HEIDELBE 200G",2021,2021-07-26,2021-08-01,7,30,"KLASSISCHE JOGHURT","JOGHURT STANDARD",0,0,0,0,0,8140.80963250103
"M-CLAS JOG. HEIDELBE 200G",2021,2021-08-02,2021-08-08,8,31,"KLASSISCHE JOGHURT","JOGHURT STANDARD",0,0,0,0,0,8239.24247525632
"M-CLAS JOG. HEIDELBE 200G",2021,2021-08-09,2021-08-15,8,32,"KLASSISCHE JOGHURT","JOGHURT STANDARD",0,0,0,0,0,8387.38757293891
"M-CLAS JOG. HEIDELBE 200G",2021,2021-08-16,2021-08-22,8,33,"KLASSISCHE JOGHURT","JOGHURT STANDARD",0,0,0,0,0,8554.87626153869
"M-CLAS JOG. HEIDELBE 200G",2021,2021-08-23,2021-08-29,8,34,"KLASSISCHE JOGHURT","JOGHURT STANDARD",0,0,0,0,0,8707.07974960442
"M-CLAS JOG. HEIDELBE 200G",2021,2021-08-30,2021-09-05,9,35,"KLASSISCHE JOGHURT","JOGHURT STANDARD",0,0,0,0,0,8812.96860230642
"M-CLAS JOG. HEIDELBE 200G",2021,2021-09-06,2021-09-12,9,36,"KLASSISCHE JOGHURT","JOGHURT STANDARD",0,0,0,0,0,8852.35679076891
"M-CLAS JOG. HEIDELBE 200G",2021,2021-09-13,2021-09-19,9,37,"KLASSISCHE JOGHURT","JOGHURT STANDARD",0,0,0,0,0,8820.71657791709
"M-CLAS JOG. HEIDELBE 200G",2021,2021-09-20,2021-09-26,9,38,"KLASSISCHE JOGHURT","JOGHURT STANDARD",0,0,0,0,0,8730.28569972327
"M-CLAS JOG. HEIDELBE 200G",2021,2021-09-27,2021-10-03,9,39,"KLASSISCHE JOGHURT","JOGHURT STANDARD",0,0,0,0,0,8607.05740345677
"M-CLAS JOG. HEIDELBE 200G",2021,2021-10-04,2021-10-10,10,40,"KLASSISCHE JOGHURT","JOGHURT STANDARD",0,0,0,0,0,8484.24238424238
"M-CLAS JOG. NATURE 200G",2021,2021-06-28,2021-07-04,7,26,"KLASSISCHE JOGHURT","JOGHURT STANDARD",0,0,0,0,0,11622.6982445375
"M-CLAS JOG. NATURE 200G",2021,2021-07-05,2021-07-11,7,27,"KLASSISCHE JOGHURT","JOGHURT STANDARD",0,0,0,0,0,11444.769613164
"M-CLAS JOG. NATURE 200G",2021,2021-07-12,2021-07-18,7,28,"KLASSISCHE JOGHURT","JOGHURT STANDARD",0,0,0,0,0,11286.3027953237
"M-CLAS JOG. NATURE 200G",2021,2021-07-19,2021-07-25,7,29,"KLASSISCHE JOGHURT","JOGHURT STANDARD",0,0,0,0,0,11169.179380611
"M-CLAS JOG. NATURE 200G",2021,2021-07-26,2021-08-01,7,30,"KLASSISCHE JOGHURT","JOGHURT STANDARD",0,0,0,0,0,11106.4415271589
"M-CLAS JOG. NATURE 200G",2021,2021-08-02,2021-08-08,8,31,"KLASSISCHE JOGHURT","JOGHURT STANDARD",0,0,0,0,0,10868.0869910564
"M-CLAS JOG. NATURE 200G",2021,2021-08-09,2021-08-15,8,32,"KLASSISCHE JOGHURT","JOGHURT STANDARD",0,0,0,0,0,10906.5883022709
"M-CLAS JOG. NATURE 200G",2021,2021-08-16,2021-08-22,8,33,"KLASSISCHE JOGHURT","JOGHURT STANDARD",0,0,0,0,0,10971.263595873
"M-CLAS JOG. NATURE 200G",2021,2021-08-23,2021-08-29,8,34,"KLASSISCHE JOGHURT","JOGHURT STANDARD",0,0,0,0,0,11038.7972451165
"M-CLAS JOG. NATURE 200G",2021,2021-08-30,2021-09-05,9,35,"KLASSISCHE JOGHURT","JOGHURT STANDARD",0,0,0,0,0,10856.3940593895
"M-CLAS JOG. NATURE 200G",2021,2021-09-06,2021-09-12,9,36,"KLASSISCHE JOGHURT","JOGHURT STANDARD",0,0,0,0,0,10872.8611216219
"M-CLAS JOG. NATURE 200G",2021,2021-09-13,2021-09-19,9,37,"KLASSISCHE JOGHURT","JOGHURT STANDARD",0,0,0,0,0,10853.8943233828
"M-CLAS JOG. NATURE 200G",2021,2021-09-20,2021-09-26,9,38,"KLASSISCHE JOGHURT","JOGHURT STANDARD",0,0,0,0,0,10808.5215352819
"M-CLAS JOG. NATURE 200G",2021,2021-09-27,2021-10-03,9,39,"KLASSISCHE JOGHURT","JOGHURT STANDARD",0,0,0,0,0,10755.4588175684
"M-CLAS JOG. NATURE 200G",2021,2021-10-04,2021-10-10,10,40,"KLASSISCHE JOGHURT","JOGHURT STANDARD",0,0,0,0,0,10486.8178019978
"M-CLAS JOG. HIMBEER 200G",2021,2021-06-28,2021-07-04,7,26,"KLASSISCHE JOGHURT","JOGHURT STANDARD",0,0,0,0,0,7689.62063840648
"M-CLAS JOG. HIMBEER 200G",2021,2021-07-05,2021-07-11,7,27,"KLASSISCHE JOGHURT","JOGHURT STANDARD",0,0,0,0,0,7587.89502642786
"M-CLAS JOG. HIMBEER 200G",2021,2021-07-12,2021-07-18,7,28,"KLASSISCHE JOGHURT","JOGHURT STANDARD",0,0,0,0,0,7504.11944723103
"M-CLAS JOG. HIMBEER 200G",2021,2021-07-19,2021-07-25,7,29,"KLASSISCHE JOGHURT","JOGHURT STANDARD",0,0,0,0,0,7454.28144246086
"M-CLAS JOG. HIMBEER 200G",2021,2021-07-26,2021-08-01,7,30,"KLASSISCHE JOGHURT","JOGHURT STANDARD",0,0,0,0,0,7447.67570625097
"M-CLAS JOG. HIMBEER 200G",2021,2021-08-02,2021-08-08,8,31,"KLASSISCHE JOGHURT","JOGHURT STANDARD",0,0,0,0,0,7483.97430092387
"M-CLAS JOG. HIMBEER 200G",2021,2021-08-09,2021-08-15,8,32,"KLASSISCHE JOGHURT","JOGHURT STANDARD",0,0,0,0,0,7552.67449848707
"M-CLAS JOG. HIMBEER 200G",2021,2021-08-16,2021-08-22,8,33,"KLASSISCHE JOGHURT","JOGHURT STANDARD",0,0,0,0,0,7635.15336712707
"M-CLAS JOG. HIMBEER 200G",2021,2021-08-23,2021-08-29,8,34,"KLASSISCHE JOGHURT","JOGHURT STANDARD",0,0,0,0,0,7708.8906196154
"M-CLAS JOG. HIMBEER 200G",2021,2021-08-30,2021-09-05,9,35,"KLASSISCHE JOGHURT","JOGHURT STANDARD",0,0,0,0,0,7752.85018563524
"M-CLAS JOG. HIMBEER 200G",2021,2021-09-06,2021-09-12,9,36,"KLASSISCHE JOGHURT","JOGHURT STANDARD",0,0,0,0,0,7752.68326017169
"M-CLAS JOG. HIMBEER 200G",2021,2021-09-13,2021-09-19,9,37,"KLASSISCHE JOGHURT","JOGHURT STANDARD",0,0,0,0,0,7704.41919227435
"M-CLAS JOG. HIMBEER 200G",2021,2021-09-20,2021-09-26,9,38,"KLASSISCHE JOGHURT","JOGHURT STANDARD",0,0,0,0,0,7615.65180512649
"M-CLAS JOG. HIMBEER 200G",2021,2021-09-27,2021-10-03,9,39,"KLASSISCHE JOGHURT","JOGHURT STANDARD",0,0,0,0,0,7503.82940508106
"M-CLAS JOG. HIMBEER 200G",2021,2021-10-04,2021-10-10,10,40,"KLASSISCHE JOGHURT","JOGHURT STANDARD",0,0,0,0,0,7391.97238800498
"M-CLAS JOG. SCHOKOLA 200G",2021,2021-06-28,2021-07-04,7,26,"KLASSISCHE JOGHURT","JOGHURT STANDARD",0,0,0,0,0,22284.6390358516
"M-CLAS JOG. SCHOKOLA 200G",2021,2021-07-05,2021-07-11,7,27,"KLASSISCHE JOGHURT","JOGHURT STANDARD",0,0,0,0,0,20889.5409435245
"M-CLAS JOG. SCHOKOLA 200G",2021,2021-07-12,2021-07-18,7,28,"KLASSISCHE JOGHURT","JOGHURT STANDARD",0,0,0,0,0,19692.2948979675
"M-CLAS JOG. SCHOKOLA 200G",2021,2021-07-19,2021-07-25,7,29,"KLASSISCHE JOGHURT","JOGHURT STANDARD",0,0,0,0,0,18861.0829003484
"M-CLAS JOG. SCHOKOLA 200G",2021,2021-07-26,2021-08-01,7,30,"KLASSISCHE JOGHURT","JOGHURT STANDARD",0,0,0,0,0,18502.4515522027
"M-CLAS JOG. SCHOKOLA 200G",2021,2021-08-02,2021-08-08,8,31,"KLASSISCHE JOGHURT","JOGHURT STANDARD",0,0,0,0,0,19955.8587188229
"M-CLAS JOG. SCHOKOLA 200G",2021,2021-08-09,2021-08-15,8,32,"KLASSISCHE JOGHURT","JOGHURT STANDARD",0,0,0,0,0,20511.0144458907
"M-CLAS JOG. SCHOKOLA 200G",2021,2021-08-16,2021-08-22,8,33,"KLASSISCHE JOGHURT","JOGHURT STANDARD",0,0,0,0,0,21338.4224047473
"M-CLAS JOG. SCHOKOLA 200G",2021,2021-08-23,2021-08-29,8,34,"KLASSISCHE JOGHURT","JOGHURT STANDARD",0,0,0,0,0,22244.7814951318
"M-CLAS JOG. SCHOKOLA 200G",2021,2021-08-30,2021-09-05,9,35,"KLASSISCHE JOGHURT","JOGHURT STANDARD",0,0,0,0,0,23271.9570869973
"M-CLAS JOG. SCHOKOLA 200G",2021,2021-09-06,2021-09-12,9,36,"KLASSISCHE JOGHURT","JOGHURT STANDARD",0,0,0,0,0,23790.0090859624
"M-CLAS JOG. SCHOKOLA 200G",2021,2021-09-13,2021-09-19,9,37,"KLASSISCHE JOGHURT","JOGHURT STANDARD",0,0,0,0,0,23953.8897292295
"M-CLAS JOG. SCHOKOLA 200G",2021,2021-09-20,2021-09-26,9,38,"KLASSISCHE JOGHURT","JOGHURT STANDARD",0,0,0,0,0,23769.0776120234
"M-CLAS JOG. SCHOKOLA 200G",2021,2021-09-27,2021-10-03,9,39,"KLASSISCHE JOGHURT","JOGHURT STANDARD",0,0,0,0,0,23322.9662538596
"M-CLAS JOG. SCHOKOLA 200G",2021,2021-10-04,2021-10-10,10,40,"KLASSISCHE JOGHURT","JOGHURT STANDARD",0,0,0,0,0,23443.5905288497
"M-CLAS JOGHURT MOKKA 200G",2021,2021-06-28,2021-07-04,7,26,"KLASSISCHE JOGHURT","JOGHURT STANDARD",0,0,0,0,0,20263.2694438086
"M-CLAS JOGHURT MOKKA 200G",2021,2021-07-05,2021-07-11,7,27,"KLASSISCHE JOGHURT","JOGHURT STANDARD",0,0,0,0,0,19428.6703568387
"M-CLAS JOGHURT MOKKA 200G",2021,2021-07-12,2021-07-18,7,28,"KLASSISCHE JOGHURT","JOGHURT STANDARD",0,0,0,0,0,18691.9609824087
"M-CLAS JOGHURT MOKKA 200G",2021,2021-07-19,2021-07-25,7,29,"KLASSISCHE JOGHURT","JOGHURT STANDARD",0,0,0,0,0,18150.4463779111
"M-CLAS JOGHURT MOKKA 200G",2021,2021-07-26,2021-08-01,7,30,"KLASSISCHE JOGHURT","JOGHURT STANDARD",0,0,0,0,0,17866.8564726803
"M-CLAS JOGHURT MOKKA 200G",2021,2021-08-02,2021-08-08,8,31,"KLASSISCHE JOGHURT","JOGHURT STANDARD",0,0,0,0,0,18729.130414516
"M-CLAS JOGHURT MOKKA 200G",2021,2021-08-09,2021-08-15,8,32,"KLASSISCHE JOGHURT","JOGHURT STANDARD",0,0,0,0,0,18947.2871263767
"M-CLAS JOGHURT MOKKA 200G",2021,2021-08-16,2021-08-22,8,33,"KLASSISCHE JOGHURT","JOGHURT STANDARD",0,0,0,0,0,19311.3621016659
"M-CLAS JOGHURT MOKKA 200G",2021,2021-08-23,2021-08-29,8,34,"KLASSISCHE JOGHURT","JOGHURT STANDARD",0,0,0,0,0,19711.2607161046
"M-CLAS JOGHURT MOKKA 200G",2021,2021-08-30,2021-09-05,9,35,"KLASSISCHE JOGHURT","JOGHURT STANDARD",0,0,0,0,0,20911.7242326062
"M-CLAS JOGHURT MOKKA 200G",2021,2021-09-06,2021-09-12,9,36,"KLASSISCHE JOGHURT","JOGHURT STANDARD",0,0,0,0,0,21078.0134297802
"M-CLAS JOGHURT MOKKA 200G",2021,2021-09-13,2021-09-19,9,37,"KLASSISCHE JOGHURT","JOGHURT STANDARD",0,0,0,0,0,21043.9417857311
"M-CLAS JOGHURT MOKKA 200G",2021,2021-09-20,2021-09-26,9,38,"KLASSISCHE JOGHURT","JOGHURT STANDARD",0,0,0,0,0,20820.4006322826
"M-CLAS JOGHURT MOKKA 200G",2021,2021-09-27,2021-10-03,9,39,"KLASSISCHE JOGHURT","JOGHURT STANDARD",0,0,0,0,0,20465.2352703241
"M-CLAS JOGHURT MOKKA 200G",2021,2021-10-04,2021-10-10,10,40,"KLASSISCHE JOGHURT","JOGHURT STANDARD",0,0,0,0,0,20941.2995431587
"M-CLAS JOG. APF/MANG 200G",2021,2021-06-28,2021-07-04,7,26,"KLASSISCHE JOGHURT","JOGHURT STANDARD",0,0,0,0,0,8707.24426194782
"M-CLAS JOG. APF/MANG 200G",2021,2021-07-05,2021-07-11,7,27,"KLASSISCHE JOGHURT","JOGHURT STANDARD",0,0,0,0,0,8494.97931382882
"M-CLAS JOG. APF/MANG 200G",2021,2021-07-12,2021-07-18,7,28,"KLASSISCHE JOGHURT","JOGHURT STANDARD",0,0,0,0,0,8318.98774696512
"M-CLAS JOG. APF/MANG 200G",2021,2021-07-19,2021-07-25,7,29,"KLASSISCHE JOGHURT","JOGHURT STANDARD",0,0,0,0,0,8209.5776038456
"M-CLAS JOG. APF/MANG 200G",2021,2021-07-26,2021-08-01,7,30,"KLASSISCHE JOGHURT","JOGHURT STANDARD",0,0,0,0,0,8184.74026273031
"M-CLAS JOG. APF/MANG 200G",2021,2021-08-02,2021-08-08,8,31,"KLASSISCHE JOGHURT","JOGHURT STANDARD",0,0,0,0,0,8245.42221598246
"M-CLAS JOG. APF/MANG 200G",2021,2021-08-09,2021-08-15,8,32,"KLASSISCHE JOGHURT","JOGHURT STANDARD",0,0,0,0,0,8374.80535355141
"M-CLAS JOG. APF/MANG 200G",2021,2021-08-16,2021-08-22,8,33,"KLASSISCHE JOGHURT","JOGHURT STANDARD",0,0,0,0,0,8541.88309014688
"M-CLAS JOG. APF/MANG 200G",2021,2021-08-23,2021-08-29,8,34,"KLASSISCHE JOGHURT","JOGHURT STANDARD",0,0,0,0,0,8708.55364938269
"M-CLAS JOG. APF/MANG 200G",2021,2021-08-30,2021-09-05,9,35,"KLASSISCHE JOGHURT","JOGHURT STANDARD",0,0,0,0,0,8838.55625468968
"M-CLAS JOG. APF/MANG 200G",2021,2021-09-06,2021-09-12,9,36,"KLASSISCHE JOGHURT","JOGHURT STANDARD",0,0,0,0,0,8906.07738757352
"M-CLAS JOG. APF/MANG 200G",2021,2021-09-13,2021-09-19,9,37,"KLASSISCHE JOGHURT","JOGHURT STANDARD",0,0,0,0,0,8901.88466424023
"M-CLAS JOG. APF/MANG 200G",2021,2021-09-20,2021-09-26,9,38,"KLASSISCHE JOGHURT","JOGHURT STANDARD",0,0,0,0,0,8835.40854618253
"M-CLAS JOG. APF/MANG 200G",2021,2021-09-27,2021-10-03,9,39,"KLASSISCHE JOGHURT","JOGHURT STANDARD",0,0,0,0,0,8732.15877688776
"M-CLAS JOG. APF/MANG 200G",2021,2021-10-04,2021-10-10,10,40,"KLASSISCHE JOGHURT","JOGHURT STANDARD",0,0,0,0,0,8627.00283740181
"M-CLAS JOG. ERDBEER 200G",2021,2021-06-28,2021-07-04,7,26,"KLASSISCHE JOGHURT","JOGHURT STANDARD",0,0,0,0,0,10327.4278027915
"M-CLAS JOG. ERDBEER 200G",2021,2021-07-05,2021-07-11,7,27,"KLASSISCHE JOGHURT","JOGHURT STANDARD",0,0,0,0,0,10074.3603196969
"M-CLAS JOG. ERDBEER 200G",2021,2021-07-12,2021-07-18,7,28,"KLASSISCHE JOGHURT","JOGHURT STANDARD",0,0,0,0,0,9846.68935538728
"M-CLAS JOG. ERDBEER 200G",2021,2021-07-19,2021-07-25,7,29,"KLASSISCHE JOGHURT","JOGHURT STANDARD",0,0,0,0,0,9676.91224699417
"M-CLAS JOG. ERDBEER 200G",2021,2021-07-26,2021-08-01,7,30,"KLASSISCHE JOGHURT","JOGHURT STANDARD",0,0,0,0,0,9586.04600269854
"M-CLAS JOG. ERDBEER 200G",2021,2021-08-02,2021-08-08,8,31,"KLASSISCHE JOGHURT","JOGHURT STANDARD",0,0,0,0,0,9578.49621723884
"M-CLAS JOG. ERDBEER 200G",2021,2021-08-09,2021-08-15,8,32,"KLASSISCHE JOGHURT","JOGHURT STANDARD",0,0,0,0,0,9640.89451960849
"M-CLAS JOG. ERDBEER 200G",2021,2021-08-16,2021-08-22,8,33,"KLASSISCHE JOGHURT","JOGHURT STANDARD",0,0,0,0,0,9745.27273905583
"M-CLAS JOG. ERDBEER 200G",2021,2021-08-23,2021-08-29,8,34,"KLASSISCHE JOGHURT","JOGHURT STANDARD",0,0,0,0,0,9855.85689659841
"M-CLAS JOG. ERDBEER 200G",2021,2021-08-30,2021-09-05,9,35,"KLASSISCHE JOGHURT","JOGHURT STANDARD",0,0,0,0,0,9937.83926287395
"M-CLAS JOG. ERDBEER 200G",2021,2021-09-06,2021-09-12,9,36,"KLASSISCHE JOGHURT","JOGHURT STANDARD",0,0,0,0,0,9965.95660950977
"M-CLAS JOG. ERDBEER 200G",2021,2021-09-13,2021-09-19,9,37,"KLASSISCHE JOGHURT","JOGHURT STANDARD",0,0,0,0,0,9930.70703625705
"M-CLAS JOG. ERDBEER 200G",2021,2021-09-20,2021-09-26,9,38,"KLASSISCHE JOGHURT","JOGHURT STANDARD",0,0,0,0,0,9840.58504836146
"M-CLAS JOG. ERDBEER 200G",2021,2021-09-27,2021-10-03,9,39,"KLASSISCHE JOGHURT","JOGHURT STANDARD",0,0,0,0,0,9719.67863114957
"M-CLAS JOG. ERDBEER 200G",2021,2021-10-04,2021-10-10,10,40,"KLASSISCHE JOGHURT","JOGHURT STANDARD",0,0,0,0,0,9601.12109634416
"M-CLAS JOG. VANILLE 200G",2021,2021-06-28,2021-07-04,7,26,"KLASSISCHE JOGHURT","JOGHURT STANDARD",0,0,0,0,0,4147.47264538532
"M-CLAS JOG. VANILLE 200G",2021,2021-07-05,2021-07-11,7,27,"KLASSISCHE JOGHURT","JOGHURT STANDARD",0,0,0,0,0,4008.07889119015
"M-CLAS JOG. VANILLE 200G",2021,2021-07-12,2021-07-18,7,28,"KLASSISCHE JOGHURT","JOGHURT STANDARD",0,0,0,0,0,3898.45353596977
"M-CLAS JOG. VANILLE 200G",2021,2021-07-19,2021-07-25,7,29,"KLASSISCHE JOGHURT","JOGHURT STANDARD",0,0,0,0,0,3834.50654218131
"M-CLAS JOG. VANILLE 200G",2021,2021-07-26,2021-08-01,7,30,"KLASSISCHE JOGHURT","JOGHURT STANDARD",0,0,0,0,0,3823.95366024037
"M-CLAS JOG. VANILLE 200G",2021,2021-08-02,2021-08-08,8,31,"KLASSISCHE JOGHURT","JOGHURT STANDARD",0,0,0,0,0,3913.70452159072
"M-CLAS JOG. VANILLE 200G",2021,2021-08-09,2021-08-15,8,32,"KLASSISCHE JOGHURT","JOGHURT STANDARD",0,0,0,0,0,3992.19583833202
"M-CLAS JOG. VANILLE 200G",2021,2021-08-16,2021-08-22,8,33,"KLASSISCHE JOGHURT","JOGHURT STANDARD",0,0,0,0,0,4088.83626697938
"M-CLAS JOG. VANILLE 200G",2021,2021-08-23,2021-08-29,8,34,"KLASSISCHE JOGHURT","JOGHURT STANDARD",0,0,0,0,0,4180.51045791432
"M-CLAS JOG. VANILLE 200G",2021,2021-08-30,2021-09-05,9,35,"KLASSISCHE JOGHURT","JOGHURT STANDARD",0,0,0,0,0,4295.74642981841
"M-CLAS JOG. VANILLE 200G",2021,2021-09-06,2021-09-12,9,36,"KLASSISCHE JOGHURT","JOGHURT STANDARD",0,0,0,0,0,4321.60574233691
"M-CLAS JOG. VANILLE 200G",2021,2021-09-13,2021-09-19,9,37,"KLASSISCHE JOGHURT","JOGHURT STANDARD",0,0,0,0,0,4303.73476204897
"M-CLAS JOG. VANILLE 200G",2021,2021-09-20,2021-09-26,9,38,"KLASSISCHE JOGHURT","JOGHURT STANDARD",0,0,0,0,0,4249.24875846972
"M-CLAS JOG. VANILLE 200G",2021,2021-09-27,2021-10-03,9,39,"KLASSISCHE JOGHURT","JOGHURT STANDARD",0,0,0,0,0,4174.32483867514
"M-CLAS JOG. VANILLE 200G",2021,2021-10-04,2021-10-10,10,40,"KLASSISCHE JOGHURT","JOGHURT STANDARD",0,0,0,0,0,4149.50933657855
"M-CLAS JOG. HASELNUS 200G",2021,2021-06-28,2021-07-04,7,26,"KLASSISCHE JOGHURT","JOGHURT STANDARD",0,0,0,0,0,7918.30103014195
"M-CLAS JOG. HASELNUS 200G",2021,2021-07-05,2021-07-11,7,27,"KLASSISCHE JOGHURT","JOGHURT STANDARD",0,0,0,0,0,7715.65099058862
"M-CLAS JOG. HASELNUS 200G",2021,2021-07-12,2021-07-18,7,28,"KLASSISCHE JOGHURT","JOGHURT STANDARD",0,0,0,0,0,7574.06419461624
"M-CLAS JOG. HASELNUS 200G",2021,2021-07-19,2021-07-25,7,29,"KLASSISCHE JOGHURT","JOGHURT STANDARD",0,0,0,0,0,7524.38670545085
"M-CLAS JOG. HASELNUS 200G",2021,2021-07-26,2021-08-01,7,30,"KLASSISCHE JOGHURT","JOGHURT STANDARD",0,0,0,0,0,7582.74713747518
"M-CLAS JOG. HASELNUS 200G",2021,2021-08-02,2021-08-08,8,31,"KLASSISCHE JOGHURT","JOGHURT STANDARD",0,0,0,0,0,7742.20407929093
"M-CLAS JOG. HASELNUS 200G",2021,2021-08-09,2021-08-15,8,32,"KLASSISCHE JOGHURT","JOGHURT STANDARD",0,0,0,0,0,7987.99069178204
"M-CLAS JOG. HASELNUS 200G",2021,2021-08-16,2021-08-22,8,33,"KLASSISCHE JOGHURT","JOGHURT STANDARD",0,0,0,0,0,8278.72530469517
"M-CLAS JOG. HASELNUS 200G",2021,2021-08-23,2021-08-29,8,34,"KLASSISCHE JOGHURT","JOGHURT STANDARD",0,0,0,0,0,8569.76769233226
"M-CLAS JOG. HASELNUS 200G",2021,2021-08-30,2021-09-05,9,35,"KLASSISCHE JOGHURT","JOGHURT STANDARD",0,0,0,0,0,8815.21941096224
"M-CLAS JOG. HASELNUS 200G",2021,2021-09-06,2021-09-12,9,36,"KLASSISCHE JOGHURT","JOGHURT STANDARD",0,0,0,0,0,8992.51663916057
"M-CLAS JOG. HASELNUS 200G",2021,2021-09-13,2021-09-19,9,37,"KLASSISCHE JOGHURT","JOGHURT STANDARD",0,0,0,0,0,9085.7029980153
"M-CLAS JOG. HASELNUS 200G",2021,2021-09-20,2021-09-26,9,38,"KLASSISCHE JOGHURT","JOGHURT STANDARD",0,0,0,0,0,9102.86520040019
"M-CLAS JOG. HASELNUS 200G",2021,2021-09-27,2021-10-03,9,39,"KLASSISCHE JOGHURT","JOGHURT STANDARD",0,0,0,0,0,9069.33222305192
"M-CLAS JOG. HASELNUS 200G",2021,2021-10-04,2021-10-10,10,40,"KLASSISCHE JOGHURT","JOGHURT STANDARD",0,0,0,0,0,9016.53550189657
"BIFIDUS JOGH. NATURE 500G",2021,2021-06-28,2021-07-04,7,26,"JOGHURT 500G / MFP","BECHER 500G ODER MEHR",0,0,0,0,0,7235.84059516168
"BIFIDUS JOGH. NATURE 500G",2021,2021-07-05,2021-07-11,7,27,"JOGHURT 500G / MFP","BECHER 500G ODER MEHR",1,0,0,0,0,8226.22043826325
"BIFIDUS JOGH. NATURE 500G",2021,2021-07-12,2021-07-18,7,28,"JOGHURT 500G / MFP","BECHER 500G ODER MEHR",0,0,0,0,0,7122.0091333345
"BIFIDUS JOGH. NATURE 500G",2021,2021-07-19,2021-07-25,7,29,"JOGHURT 500G / MFP","BECHER 500G ODER MEHR",0,0,0,0,0,7109.29982788116
"BIFIDUS JOGH. NATURE 500G",2021,2021-07-26,2021-08-01,7,30,"JOGHURT 500G / MFP","BECHER 500G ODER MEHR",0,0,0,0,0,7128.0883546579
"BIFIDUS JOGH. NATURE 500G",2021,2021-08-02,2021-08-08,8,31,"JOGHURT 500G / MFP","BECHER 500G ODER MEHR",0,0,0,0,0,7154.93298467041
"BIFIDUS JOGH. NATURE 500G",2021,2021-08-09,2021-08-15,8,32,"JOGHURT 500G / MFP","BECHER 500G ODER MEHR",0,0,0,0,0,7209.41617023634
"BIFIDUS JOGH. NATURE 500G",2021,2021-08-16,2021-08-22,8,33,"JOGHURT 500G / MFP","BECHER 500G ODER MEHR",0,0,0,0,0,7258.69132669353
"BIFIDUS JOGH. NATURE 500G",2021,2021-08-23,2021-08-29,8,34,"JOGHURT 500G / MFP","BECHER 500G ODER MEHR",0,0,0,0,0,7286.37700679996
"BIFIDUS JOGH. NATURE 500G",2021,2021-08-30,2021-09-05,9,35,"JOGHURT 500G / MFP","BECHER 500G ODER MEHR",0,0,0,0,0,7263.66244130771
"BIFIDUS JOGH. NATURE 500G",2021,2021-09-06,2021-09-12,9,36,"JOGHURT 500G / MFP","BECHER 500G ODER MEHR",0,0,0,0,0,7217.74882725274
"BIFIDUS JOGH. NATURE 500G",2021,2021-09-13,2021-09-19,9,37,"JOGHURT 500G / MFP","BECHER 500G ODER MEHR",0,0,0,0,0,7135.49617011742
"BIFIDUS JOGH. NATURE 500G",2021,2021-09-20,2021-09-26,9,38,"JOGHURT 500G / MFP","BECHER 500G ODER MEHR",0,0,0,0,0,7028.48509831675
"BIFIDUS JOGH. NATURE 500G",2021,2021-09-27,2021-10-03,9,39,"JOGHURT 500G / MFP","BECHER 500G ODER MEHR",0,0,0,0,0,6914.43181806968
"BIFIDUS JOGH. NATURE 500G",2021,2021-10-04,2021-10-10,10,40,"JOGHURT 500G / MFP","BECHER 500G ODER MEHR",0,0,0,0,0,6797.04591480718
"BIO JOGHURT NATURE 180G",2021,2021-06-28,2021-07-04,7,26,"BIO / ALNATURA","KLASSISCHE JOGHURT",0,0,0,0,0,7176.24163855232
"BIO JOGHURT NATURE 180G",2021,2021-07-05,2021-07-11,7,27,"BIO / ALNATURA","KLASSISCHE JOGHURT",0,0,0,0,0,7104.25739044591
"BIO JOGHURT NATURE 180G",2021,2021-07-12,2021-07-18,7,28,"BIO / ALNATURA","KLASSISCHE JOGHURT",0,0,0,0,0,7058.12387640162
"BIO JOGHURT NATURE 180G",2021,2021-07-19,2021-07-25,7,29,"BIO / ALNATURA","KLASSISCHE JOGHURT",1,0,0,0,0,8125.7384129054
"BIO JOGHURT NATURE 180G",2021,2021-07-26,2021-08-01,7,30,"BIO / ALNATURA","KLASSISCHE JOGHURT",0,0,0,0,0,7053.03122915362
"BIO JOGHURT NATURE 180G",2021,2021-08-02,2021-08-08,8,31,"BIO / ALNATURA","KLASSISCHE JOGHURT",0,0,0,0,0,6966.1972337758
"BIO JOGHURT NATURE 180G",2021,2021-08-09,2021-08-15,8,32,"BIO / ALNATURA","KLASSISCHE JOGHURT",0,0,0,0,0,7006.7217845684
"BIO JOGHURT NATURE 180G",2021,2021-08-16,2021-08-22,8,33,"BIO / ALNATURA","KLASSISCHE JOGHURT",0,0,0,1,0,7043.60636089057
"BIO JOGHURT NATURE 180G",2021,2021-08-23,2021-08-29,8,34,"BIO / ALNATURA","KLASSISCHE JOGHURT",0,0,0,0,0,7065.74726654881
"BIO JOGHURT NATURE 180G",2021,2021-08-30,2021-09-05,9,35,"BIO / ALNATURA","KLASSISCHE JOGHURT",0,0,0,0,0,6947.73029782454
"BIO JOGHURT NATURE 180G",2021,2021-09-06,2021-09-12,9,36,"BIO / ALNATURA","KLASSISCHE JOGHURT",0,0,0,0,0,6925.11901921221
"BIO JOGHURT NATURE 180G",2021,2021-09-13,2021-09-19,9,37,"BIO / ALNATURA","KLASSISCHE JOGHURT",1,0,0,0,0,7968.58980778801
"BIO JOGHURT NATURE 180G",2021,2021-09-20,2021-09-26,9,38,"BIO / ALNATURA","KLASSISCHE JOGHURT",0,0,0,0,0,6836.43394451446
"BIO JOGHURT NATURE 180G",2021,2021-09-27,2021-10-03,9,39,"BIO / ALNATURA","KLASSISCHE JOGHURT",0,0,0,0,0,6794.06043113084
"BIO JOGHURT NATURE 180G",2021,2021-10-04,2021-10-10,10,40,"BIO / ALNATURA","KLASSISCHE JOGHURT",0,0,0,0,0,6652.33140613275
"EXC JOGHURT TRUFFES 150G",2021,2021-06-28,2021-07-04,7,26,"JOGHURT SPECIAL / GENUSS","RAHMJOGHURT / GRIECHISCH",0,0,0,0,0,4452.48272559923
"EXC JOGHURT TRUFFES 150G",2021,2021-07-05,2021-07-11,7,27,"JOGHURT SPECIAL / GENUSS","RAHMJOGHURT / GRIECHISCH",0,0,0,0,0,4255.56652494203
"EXC JOGHURT TRUFFES 150G",2021,2021-07-12,2021-07-18,7,28,"JOGHURT SPECIAL / GENUSS","RAHMJOGHURT / GRIECHISCH",0,0,0,0,0,4110.94156166115
"EXC JOGHURT TRUFFES 150G",2021,2021-07-19,2021-07-25,7,29,"JOGHURT SPECIAL / GENUSS","RAHMJOGHURT / GRIECHISCH",0,0,0,0,0,4013.85779902944
"EXC JOGHURT TRUFFES 150G",2021,2021-07-26,2021-08-01,7,30,"JOGHURT SPECIAL / GENUSS","RAHMJOGHURT / GRIECHISCH",0,0,0,0,0,3957.62027477203
"EXC JOGHURT TRUFFES 150G",2021,2021-08-02,2021-08-08,8,31,"JOGHURT SPECIAL / GENUSS","RAHMJOGHURT / GRIECHISCH",0,0,0,0,0,4367.28019867392
"EXC JOGHURT TRUFFES 150G",2021,2021-08-09,2021-08-15,8,32,"JOGHURT SPECIAL / GENUSS","RAHMJOGHURT / GRIECHISCH",0,0,0,0,0,4375.26267040125
"EXC JOGHURT TRUFFES 150G",2021,2021-08-16,2021-08-22,8,33,"JOGHURT SPECIAL / GENUSS","RAHMJOGHURT / GRIECHISCH",0,0,0,0,0,4410.92610627091
"EXC JOGHURT TRUFFES 150G",2021,2021-08-23,2021-08-29,8,34,"JOGHURT SPECIAL / GENUSS","RAHMJOGHURT / GRIECHISCH",0,0,0,0,0,4474.11668291613
"EXC JOGHURT TRUFFES 150G",2021,2021-08-30,2021-09-05,9,35,"JOGHURT SPECIAL / GENUSS","RAHMJOGHURT / GRIECHISCH",0,0,0,0,0,4345.96349199026
"EXC JOGHURT TRUFFES 150G",2021,2021-09-06,2021-09-12,9,36,"JOGHURT SPECIAL / GENUSS","RAHMJOGHURT / GRIECHISCH",0,0,0,1,0,4464.46959348861
"EXC JOGHURT TRUFFES 150G",2021,2021-09-13,2021-09-19,9,37,"JOGHURT SPECIAL / GENUSS","RAHMJOGHURT / GRIECHISCH",0,0,0,0,0,4606.79333196565
"EXC JOGHURT TRUFFES 150G",2021,2021-09-20,2021-09-26,9,38,"JOGHURT SPECIAL / GENUSS","RAHMJOGHURT / GRIECHISCH",0,0,0,0,0,4765.61238902075
"EXC JOGHURT TRUFFES 150G",2021,2021-09-27,2021-10-03,9,39,"JOGHURT SPECIAL / GENUSS","RAHMJOGHURT / GRIECHISCH",0,0,0,0,0,4929.75756276304
"EXC JOGHURT TRUFFES 150G",2021,2021-10-04,2021-10-10,10,40,"JOGHURT SPECIAL / GENUSS","RAHMJOGHURT / GRIECHISCH",0,0,0,0,0,4612.61677958026
"YOGOS GRECQUE NATURE 180G",2021,2021-06-28,2021-07-04,7,26,"JOGHURT SPECIAL / GENUSS","RAHMJOGHURT / GRIECHISCH",0,0,0,0,0,8773.39946204752
"YOGOS GRECQUE NATURE 180G",2021,2021-07-05,2021-07-11,7,27,"JOGHURT SPECIAL / GENUSS","RAHMJOGHURT / GRIECHISCH",0,0,0,0,0,8748.44399905837
"YOGOS GRECQUE NATURE 180G",2021,2021-07-12,2021-07-18,7,28,"JOGHURT SPECIAL / GENUSS","RAHMJOGHURT / GRIECHISCH",0,0,0,0,0,8721.99845932267
"YOGOS GRECQUE NATURE 180G",2021,2021-07-19,2021-07-25,7,29,"JOGHURT SPECIAL / GENUSS","RAHMJOGHURT / GRIECHISCH",0,0,0,0,0,8694.3903868966
"YOGOS GRECQUE NATURE 180G",2021,2021-07-26,2021-08-01,7,30,"JOGHURT SPECIAL / GENUSS","RAHMJOGHURT / GRIECHISCH",0,0,0,0,0,8665.8899083299
"YOGOS GRECQUE NATURE 180G",2021,2021-08-02,2021-08-08,8,31,"JOGHURT SPECIAL / GENUSS","RAHMJOGHURT / GRIECHISCH",0,0,0,0,0,8915.44167461817
"YOGOS GRECQUE NATURE 180G",2021,2021-08-09,2021-08-15,8,32,"JOGHURT SPECIAL / GENUSS","RAHMJOGHURT / GRIECHISCH",0,0,0,0,0,8885.96891266141
"YOGOS GRECQUE NATURE 180G",2021,2021-08-16,2021-08-22,8,33,"JOGHURT SPECIAL / GENUSS","RAHMJOGHURT / GRIECHISCH",0,0,0,0,0,8856.5273783414
"YOGOS GRECQUE NATURE 180G",2021,2021-08-23,2021-08-29,8,34,"JOGHURT SPECIAL / GENUSS","RAHMJOGHURT / GRIECHISCH",0,0,0,0,0,8827.578069715
"YOGOS GRECQUE NATURE 180G",2021,2021-08-30,2021-09-05,9,35,"JOGHURT SPECIAL / GENUSS","RAHMJOGHURT / GRIECHISCH",0,0,0,0,0,8282.95789770039
"YOGOS GRECQUE NATURE 180G",2021,2021-09-06,2021-09-12,9,36,"JOGHURT SPECIAL / GENUSS","RAHMJOGHURT / GRIECHISCH",0,0,0,0,0,8256.66782272571
"YOGOS GRECQUE NATURE 180G",2021,2021-09-13,2021-09-19,9,37,"JOGHURT SPECIAL / GENUSS","RAHMJOGHURT / GRIECHISCH",0,0,0,0,0,8232.58114866347
"YOGOS GRECQUE NATURE 180G",2021,2021-09-20,2021-09-26,9,38,"JOGHURT SPECIAL / GENUSS","RAHMJOGHURT / GRIECHISCH",0,0,0,0,0,8211.20056733318
"YOGOS GRECQUE NATURE 180G",2021,2021-09-27,2021-10-03,9,39,"JOGHURT SPECIAL / GENUSS","RAHMJOGHURT / GRIECHISCH",0,0,0,0,0,8192.88699274169
"YOGOS GRECQUE NATURE 180G",2021,2021-10-04,2021-10-10,10,40,"JOGHURT SPECIAL / GENUSS","RAHMJOGHURT / GRIECHISCH",0,0,0,0,0,7626.0879139916
"BIO JOGHURT NATURE 500G",2021,2021-06-28,2021-07-04,7,26,"BIO / ALNATURA","JOGHURT 500G / MFP",0,0,0,0,0,6034.5886401278
"BIO JOGHURT NATURE 500G",2021,2021-07-05,2021-07-11,7,27,"BIO / ALNATURA","JOGHURT 500G / MFP",0,0,0,0,0,5942.86353388349
"BIO JOGHURT NATURE 500G",2021,2021-07-12,2021-07-18,7,28,"BIO / ALNATURA","JOGHURT 500G / MFP",0,0,0,0,0,5882.90531795319
"BIO JOGHURT NATURE 500G",2021,2021-07-19,2021-07-25,7,29,"BIO / ALNATURA","JOGHURT 500G / MFP",1,0,0,0,0,7064.730287458
"BIO JOGHURT NATURE 500G",2021,2021-07-26,2021-08-01,7,30,"BIO / ALNATURA","JOGHURT 500G / MFP",0,0,0,0,0,5889.1915367963
"BIO JOGHURT NATURE 500G",2021,2021-08-02,2021-08-08,8,31,"BIO / ALNATURA","JOGHURT 500G / MFP",0,0,0,0,0,5838.39543428695
"BIO JOGHURT NATURE 500G",2021,2021-08-09,2021-08-15,8,32,"BIO / ALNATURA","JOGHURT 500G / MFP",0,0,0,0,0,5918.40725769323
"BIO JOGHURT NATURE 500G",2021,2021-08-16,2021-08-22,8,33,"BIO / ALNATURA","JOGHURT 500G / MFP",0,0,0,1,0,5998.38805133031
"BIO JOGHURT NATURE 500G",2021,2021-08-23,2021-08-29,8,34,"BIO / ALNATURA","JOGHURT 500G / MFP",0,0,0,0,0,6058.12655358571
"BIO JOGHURT NATURE 500G",2021,2021-08-30,2021-09-05,9,35,"BIO / ALNATURA","JOGHURT 500G / MFP",0,0,0,0,0,5970.99569229416
"BIO JOGHURT NATURE 500G",2021,2021-09-06,2021-09-12,9,36,"BIO / ALNATURA","JOGHURT 500G / MFP",0,0,0,0,0,5951.10284599513
"BIO JOGHURT NATURE 500G",2021,2021-09-13,2021-09-19,9,37,"BIO / ALNATURA","JOGHURT 500G / MFP",1,0,0,0,0,7090.51586478013
"BIO JOGHURT NATURE 500G",2021,2021-09-20,2021-09-26,9,38,"BIO / ALNATURA","JOGHURT 500G / MFP",0,0,0,0,0,5801.3557079968
"BIO JOGHURT NATURE 500G",2021,2021-09-27,2021-10-03,9,39,"BIO / ALNATURA","JOGHURT 500G / MFP",0,0,0,0,0,5704.28953094672
"BIO JOGHURT NATURE 500G",2021,2021-10-04,2021-10-10,10,40,"BIO / ALNATURA","JOGHURT 500G / MFP",0,0,0,0,0,5511.23628792714
"BIFIDUS JOGH. NATURE 150G",2021,2021-06-28,2021-07-04,7,26,"JOGHURT GESUNDHEIT","PROBIOTISCH",0,0,0,0,0,15052.2894005289
"BIFIDUS JOGH. NATURE 150G",2021,2021-07-05,2021-07-11,7,27,"JOGHURT GESUNDHEIT","PROBIOTISCH",1,0,0,0,0,16754.0736087142
"BIFIDUS JOGH. NATURE 150G",2021,2021-07-12,2021-07-18,7,28,"JOGHURT GESUNDHEIT","PROBIOTISCH",0,0,0,0,0,14776.0744064976
"BIFIDUS JOGH. NATURE 150G",2021,2021-07-19,2021-07-25,7,29,"JOGHURT GESUNDHEIT","PROBIOTISCH",0,0,0,0,0,14726.4827119706
"BIFIDUS JOGH. NATURE 150G",2021,2021-07-26,2021-08-01,7,30,"JOGHURT GESUNDHEIT","PROBIOTISCH",0,0,0,0,0,14738.0354816735
"BIFIDUS JOGH. NATURE 150G",2021,2021-08-02,2021-08-08,8,31,"JOGHURT GESUNDHEIT","PROBIOTISCH",0,0,0,0,0,14797.6249653609
"BIFIDUS JOGH. NATURE 150G",2021,2021-08-09,2021-08-15,8,32,"JOGHURT GESUNDHEIT","PROBIOTISCH",0,0,0,0,0,14882.6658019723
"BIFIDUS JOGH. NATURE 150G",2021,2021-08-16,2021-08-22,8,33,"JOGHURT GESUNDHEIT","PROBIOTISCH",0,0,0,0,0,14965.7217003208
"BIFIDUS JOGH. NATURE 150G",2021,2021-08-23,2021-08-29,8,34,"JOGHURT GESUNDHEIT","PROBIOTISCH",0,0,0,0,0,15020.4631783936
"BIFIDUS JOGH. NATURE 150G",2021,2021-08-30,2021-09-05,9,35,"JOGHURT GESUNDHEIT","PROBIOTISCH",0,0,0,0,0,15027.6395079236
"BIFIDUS JOGH. NATURE 150G",2021,2021-09-06,2021-09-12,9,36,"JOGHURT GESUNDHEIT","PROBIOTISCH",0,0,0,0,0,14979.6674882795
"BIFIDUS JOGH. NATURE 150G",2021,2021-09-13,2021-09-19,9,37,"JOGHURT GESUNDHEIT","PROBIOTISCH",0,0,0,0,0,14882.6851896168
"BIFIDUS JOGH. NATURE 150G",2021,2021-09-20,2021-09-26,9,38,"JOGHURT GESUNDHEIT","PROBIOTISCH",0,0,0,0,0,14755.4491628449
"BIFIDUS JOGH. NATURE 150G",2021,2021-09-27,2021-10-03,9,39,"JOGHURT GESUNDHEIT","PROBIOTISCH",0,0,0,0,0,14625.1579194362
"BIFIDUS JOGH. NATURE 150G",2021,2021-10-04,2021-10-10,10,40,"JOGHURT GESUNDHEIT","PROBIOTISCH",0,0,0,0,0,14521.0057549077
"VALFLORA CREME FRAICHE NA",2021,2021-06-28,2021-07-04,7,26,"RAHM","SAUERRAHM",1,0,0,0,0,14520.7400408727
"VALFLORA CREME FRAICHE NA",2021,2021-07-05,2021-07-11,7,27,"RAHM","SAUERRAHM",1,0,0,0,0,14419.5786383833
"VALFLORA CREME FRAICHE NA",2021,2021-07-12,2021-07-18,7,28,"RAHM","SAUERRAHM",0,0,0,0,0,11475.2614860375
"VALFLORA CREME FRAICHE NA",2021,2021-07-19,2021-07-25,7,29,"RAHM","SAUERRAHM",1,0,0,0,0,14313.3020353993
"VALFLORA CREME FRAICHE NA",2021,2021-07-26,2021-08-01,7,30,"RAHM","SAUERRAHM",0,0,0,0,0,11421.6600486337
"VALFLORA CREME FRAICHE NA",2021,2021-08-02,2021-08-08,8,31,"RAHM","SAUERRAHM",0,0,0,0,0,11422.0404210473
"VALFLORA CREME FRAICHE NA",2021,2021-08-09,2021-08-15,8,32,"RAHM","SAUERRAHM",1,0,0,0,0,14306.1091938956
"VALFLORA CREME FRAICHE NA",2021,2021-08-16,2021-08-22,8,33,"RAHM","SAUERRAHM",0,0,0,0,0,11436.2805164997
"VALFLORA CREME FRAICHE NA",2021,2021-08-23,2021-08-29,8,34,"RAHM","SAUERRAHM",0,0,0,0,0,11434.6132794201
"VALFLORA CREME FRAICHE NA",2021,2021-08-30,2021-09-05,9,35,"RAHM","SAUERRAHM",0,0,0,0,0,11418.9188115291
"VALFLORA CREME FRAICHE NA",2021,2021-09-06,2021-09-12,9,36,"RAHM","SAUERRAHM",0,0,0,0,0,11385.8146611475
"VALFLORA CREME FRAICHE NA",2021,2021-09-13,2021-09-19,9,37,"RAHM","SAUERRAHM",0,0,0,0,0,11335.0327907147
"VALFLORA CREME FRAICHE NA",2021,2021-09-20,2021-09-26,9,38,"RAHM","SAUERRAHM",1,0,0,0,0,14146.629328238
"VALFLORA CREME FRAICHE NA",2021,2021-09-27,2021-10-03,9,39,"RAHM","SAUERRAHM",0,0,0,0,0,11199.2919913172
"VALFLORA CREME FRAICHE NA",2021,2021-10-04,2021-10-10,10,40,"RAHM","SAUERRAHM",0,0,0,0,0,11135.2815654999
"AHA JOGHURT LAKTOSEF CLAS",2021,2021-06-28,2021-07-04,7,26,"JOGHURT GESUNDHEIT","UEBRIGE",0,0,0,0,0,4962.99380240767
"AHA JOGHURT LAKTOSEF CLAS",2021,2021-07-05,2021-07-11,7,27,"JOGHURT GESUNDHEIT","UEBRIGE",0,0,0,0,0,4915.97167577459
"AHA JOGHURT LAKTOSEF CLAS",2021,2021-07-12,2021-07-18,7,28,"JOGHURT GESUNDHEIT","UEBRIGE",0,0,0,0,0,4877.73339025451
"AHA JOGHURT LAKTOSEF CLAS",2021,2021-07-19,2021-07-25,7,29,"JOGHURT GESUNDHEIT","UEBRIGE",0,0,0,0,0,4851.57464472891
"AHA JOGHURT LAKTOSEF CLAS",2021,2021-07-26,2021-08-01,7,30,"JOGHURT GESUNDHEIT","UEBRIGE",0,0,0,0,0,4839.67491957242
"AHA JOGHURT LAKTOSEF CLAS",2021,2021-08-02,2021-08-08,8,31,"JOGHURT GESUNDHEIT","UEBRIGE",0,0,0,0,0,4977.85287689747
"AHA JOGHURT LAKTOSEF CLAS",2021,2021-08-09,2021-08-15,8,32,"JOGHURT GESUNDHEIT","UEBRIGE",0,0,0,0,0,4994.97435495809
"AHA JOGHURT LAKTOSEF CLAS",2021,2021-08-16,2021-08-22,8,33,"JOGHURT GESUNDHEIT","UEBRIGE",0,0,0,0,0,5023.922592423
"AHA JOGHURT LAKTOSEF CLAS",2021,2021-08-23,2021-08-29,8,34,"JOGHURT GESUNDHEIT","UEBRIGE",0,0,0,0,0,5061.55867216884
"AHA JOGHURT LAKTOSEF CLAS",2021,2021-08-30,2021-09-05,9,35,"JOGHURT GESUNDHEIT","UEBRIGE",0,0,0,0,0,4851.54903013471
"AHA JOGHURT LAKTOSEF CLAS",2021,2021-09-06,2021-09-12,9,36,"JOGHURT GESUNDHEIT","UEBRIGE",0,0,0,0,0,4896.5844309529
"AHA JOGHURT LAKTOSEF CLAS",2021,2021-09-13,2021-09-19,9,37,"JOGHURT GESUNDHEIT","UEBRIGE",0,0,0,0,0,4941.41855826409
"AHA JOGHURT LAKTOSEF CLAS",2021,2021-09-20,2021-09-26,9,38,"JOGHURT GESUNDHEIT","UEBRIGE",0,0,0,0,0,4984.69856565521
"AHA JOGHURT LAKTOSEF CLAS",2021,2021-09-27,2021-10-03,9,39,"JOGHURT GESUNDHEIT","UEBRIGE",0,0,0,0,0,5025.98791520836
"AHA JOGHURT LAKTOSEF CLAS",2021,2021-10-04,2021-10-10,10,40,"JOGHURT GESUNDHEIT","UEBRIGE",0,0,0,0,0,4590.84516680873
