"article_name","year","yrwk_start","yrwk_end","month","week","category_1","category_2","promo_01","promo_02","promo_03","promo_04","promo_05","holidays","covid_restriction_added","covid_restriction_reduced","sales"
"BIO FAIRT.JOG.MOKKA 180G",2021,2021-06-28,2021-07-04,7,26,"BIO / ALNATURA","KLASSISCHE JOGHURT",0,0,0,0,0,0,0,0,3012.73577982942
"BIO FAIRT.JOG.MOKKA 180G",2021,2021-07-05,2021-07-11,7,27,"BIO / ALNATURA","KLASSISCHE JOGHURT",0,0,0,0,0,0,0,0,3005.54528043977
"BIO FAIRT.JOG.MOKKA 180G",2021,2021-07-12,2021-07-18,7,28,"BIO / ALNATURA","KLASSISCHE JOGHURT",0,0,0,0,0,0,0,0,2998.37194262194
"BIO FAIRT.JOG.MOKKA 180G",2021,2021-07-19,2021-07-25,7,29,"BIO / ALNATURA","KLASSISCHE JOGHURT",1,0,0,0,0,0,0,0,3948.55274125478
"BIO FAIRT.JOG.MOKKA 180G",2021,2021-07-26,2021-08-01,7,30,"BIO / ALNATURA","KLASSISCHE JOGHURT",0,0,0,0,0,1,0,0,2751.00230080066
"BIO FAIRT.JOG.MOKKA 180G",2021,2021-08-02,2021-08-08,8,31,"BIO / ALNATURA","KLASSISCHE JOGHURT",0,0,0,0,0,0,0,0,2975.15691092146
"BIO FAIRT.JOG.MOKKA 180G",2021,2021-08-09,2021-08-15,8,32,"BIO / ALNATURA","KLASSISCHE JOGHURT",0,0,0,0,0,0,0,0,2968.05610105445
"BIO FAIRT.JOG.MOKKA 180G",2021,2021-08-16,2021-08-22,8,33,"BIO / ALNATURA","KLASSISCHE JOGHURT",0,0,0,1,0,0,0,0,2960.97223869719
"BIO FAIRT.JOG.MOKKA 180G",2021,2021-08-23,2021-08-29,8,34,"BIO / ALNATURA","KLASSISCHE JOGHURT",0,0,0,0,0,0,0,0,2953.90528340105
"BIO FAIRT.JOG.MOKKA 180G",2021,2021-08-30,2021-09-05,9,35,"BIO / ALNATURA","KLASSISCHE JOGHURT",0,0,0,0,0,0,0,0,2945.07579114182
"BIO FAIRT.JOG.MOKKA 180G",2021,2021-09-06,2021-09-12,9,36,"BIO / ALNATURA","KLASSISCHE JOGHURT",0,0,0,0,0,0,0,0,2938.04677591239
"BIO FAIRT.JOG.MOKKA 180G",2021,2021-09-13,2021-09-19,9,37,"BIO / ALNATURA","KLASSISCHE JOGHURT",1,0,0,0,0,0,0,0,3807.19811253416
"BIO FAIRT.JOG.MOKKA 180G",2021,2021-09-20,2021-09-26,9,38,"BIO / ALNATURA","KLASSISCHE JOGHURT",0,0,0,0,0,0,0,0,2924.03903388611
"BIO FAIRT.JOG.MOKKA 180G",2021,2021-09-27,2021-10-03,9,39,"BIO / ALNATURA","KLASSISCHE JOGHURT",0,0,0,0,0,0,0,0,2917.06022710549
"BIO FAIRT.JOG.MOKKA 180G",2021,2021-10-04,2021-10-10,10,40,"BIO / ALNATURA","KLASSISCHE JOGHURT",0,0,0,0,0,0,0,0,2908.34086807943
"MB JOGHURT NATUR 500G",2021,2021-06-28,2021-07-04,7,26,"JOGHURT 500G / MFP","BECHER 500G ODER MEHR",0,0,0,0,0,0,0,0,7277.48953340063
"MB JOGHURT NATUR 500G",2021,2021-07-05,2021-07-11,7,27,"JOGHURT 500G / MFP","BECHER 500G ODER MEHR",0,0,0,0,0,0,0,0,7260.12034211659
"MB JOGHURT NATUR 500G",2021,2021-07-12,2021-07-18,7,28,"JOGHURT 500G / MFP","BECHER 500G ODER MEHR",0,0,0,0,0,0,0,0,7242.79260589813
"MB JOGHURT NATUR 500G",2021,2021-07-19,2021-07-25,7,29,"JOGHURT 500G / MFP","BECHER 500G ODER MEHR",0,0,0,0,0,0,0,0,7225.5062258044
"MB JOGHURT NATUR 500G",2021,2021-07-26,2021-08-01,7,30,"JOGHURT 500G / MFP","BECHER 500G ODER MEHR",0,0,0,0,0,1,0,0,6799.97830947947
"MB JOGHURT NATUR 500G",2021,2021-08-02,2021-08-08,8,31,"JOGHURT 500G / MFP","BECHER 500G ODER MEHR",0,0,0,0,0,0,0,0,7188.15976722799
"MB JOGHURT NATUR 500G",2021,2021-08-09,2021-08-15,8,32,"JOGHURT 500G / MFP","BECHER 500G ODER MEHR",0,0,0,0,0,0,0,0,7171.00377938297
"MB JOGHURT NATUR 500G",2021,2021-08-16,2021-08-22,8,33,"JOGHURT 500G / MFP","BECHER 500G ODER MEHR",0,0,0,0,0,0,0,0,7153.88873775069
"MB JOGHURT NATUR 500G",2021,2021-08-23,2021-08-29,8,34,"JOGHURT 500G / MFP","BECHER 500G ODER MEHR",0,0,0,0,0,0,0,0,7136.81454460476
"MB JOGHURT NATUR 500G",2021,2021-08-30,2021-09-05,9,35,"JOGHURT 500G / MFP","BECHER 500G ODER MEHR",0,0,0,0,0,0,0,0,7116.91244833161
"MB JOGHURT NATUR 500G",2021,2021-09-06,2021-09-12,9,36,"JOGHURT 500G / MFP","BECHER 500G ODER MEHR",0,0,0,0,0,0,0,0,7099.92650653129
"MB JOGHURT NATUR 500G",2021,2021-09-13,2021-09-19,9,37,"JOGHURT 500G / MFP","BECHER 500G ODER MEHR",0,0,0,0,0,0,0,0,7082.98110509463
"MB JOGHURT NATUR 500G",2021,2021-09-20,2021-09-26,9,38,"JOGHURT 500G / MFP","BECHER 500G ODER MEHR",0,0,0,0,0,0,0,0,7066.07614726391
"MB JOGHURT NATUR 500G",2021,2021-09-27,2021-10-03,9,39,"JOGHURT 500G / MFP","BECHER 500G ODER MEHR",0,0,0,0,0,0,0,0,7049.21153651234
"MB JOGHURT NATUR 500G",2021,2021-10-04,2021-10-10,10,40,"JOGHURT 500G / MFP","BECHER 500G ODER MEHR",0,0,0,0,0,0,0,0,7029.55373459347
"M-CLAS JOG. HEIDELBE 200G",2021,2021-06-28,2021-07-04,7,26,"KLASSISCHE JOGHURT","JOGHURT STANDARD",0,0,0,0,0,0,0,0,8661.08382241218
"M-CLAS JOG. HEIDELBE 200G",2021,2021-07-05,2021-07-11,7,27,"KLASSISCHE JOGHURT","JOGHURT STANDARD",0,0,0,0,0,0,0,0,8640.41240530493
"M-CLAS JOG. HEIDELBE 200G",2021,2021-07-12,2021-07-18,7,28,"KLASSISCHE JOGHURT","JOGHURT STANDARD",0,0,0,0,0,0,0,0,8619.79032468881
"M-CLAS JOG. HEIDELBE 200G",2021,2021-07-19,2021-07-25,7,29,"KLASSISCHE JOGHURT","JOGHURT STANDARD",0,0,0,0,0,0,0,0,8599.21746281237
"M-CLAS JOG. HEIDELBE 200G",2021,2021-07-26,2021-08-01,7,30,"KLASSISCHE JOGHURT","JOGHURT STANDARD",0,0,0,0,0,1,0,0,7379.84539815098
"M-CLAS JOG. HEIDELBE 200G",2021,2021-08-02,2021-08-08,8,31,"KLASSISCHE JOGHURT","JOGHURT STANDARD",0,0,0,0,0,0,0,0,8561.85179356384
"M-CLAS JOG. HEIDELBE 200G",2021,2021-08-09,2021-08-15,8,32,"KLASSISCHE JOGHURT","JOGHURT STANDARD",0,0,0,0,0,0,0,0,8541.41721363549
"M-CLAS JOG. HEIDELBE 200G",2021,2021-08-16,2021-08-22,8,33,"KLASSISCHE JOGHURT","JOGHURT STANDARD",0,0,0,0,0,0,0,0,8521.03140493875
"M-CLAS JOG. HEIDELBE 200G",2021,2021-08-23,2021-08-29,8,34,"KLASSISCHE JOGHURT","JOGHURT STANDARD",0,0,0,0,0,0,0,0,8500.69425107128
"M-CLAS JOG. HEIDELBE 200G",2021,2021-08-30,2021-09-05,9,35,"KLASSISCHE JOGHURT","JOGHURT STANDARD",0,0,0,0,0,0,0,0,8484.00547292686
"M-CLAS JOG. HEIDELBE 200G",2021,2021-09-06,2021-09-12,9,36,"KLASSISCHE JOGHURT","JOGHURT STANDARD",0,0,0,0,0,0,0,0,8463.75668888703
"M-CLAS JOG. HEIDELBE 200G",2021,2021-09-13,2021-09-19,9,37,"KLASSISCHE JOGHURT","JOGHURT STANDARD",0,0,0,0,0,0,0,0,8443.55623263956
"M-CLAS JOG. HEIDELBE 200G",2021,2021-09-20,2021-09-26,9,38,"KLASSISCHE JOGHURT","JOGHURT STANDARD",0,0,0,0,0,0,0,0,8423.40398884049
"M-CLAS JOG. HEIDELBE 200G",2021,2021-09-27,2021-10-03,9,39,"KLASSISCHE JOGHURT","JOGHURT STANDARD",0,0,0,0,0,0,0,0,8403.29984242112
"M-CLAS JOG. HEIDELBE 200G",2021,2021-10-04,2021-10-10,10,40,"KLASSISCHE JOGHURT","JOGHURT STANDARD",0,0,0,0,0,0,0,0,8386.80227144525
"M-CLAS JOG. NATURE 200G",2021,2021-06-28,2021-07-04,7,26,"KLASSISCHE JOGHURT","JOGHURT STANDARD",0,0,0,0,0,0,0,0,13146.3115301105
"M-CLAS JOG. NATURE 200G",2021,2021-07-05,2021-07-11,7,27,"KLASSISCHE JOGHURT","JOGHURT STANDARD",0,0,0,0,0,0,0,0,13114.9352157101
"M-CLAS JOG. NATURE 200G",2021,2021-07-12,2021-07-18,7,28,"KLASSISCHE JOGHURT","JOGHURT STANDARD",0,0,0,0,0,0,0,0,13083.6337871894
"M-CLAS JOG. NATURE 200G",2021,2021-07-19,2021-07-25,7,29,"KLASSISCHE JOGHURT","JOGHURT STANDARD",0,0,0,0,0,0,0,0,13052.4070658184
"M-CLAS JOG. NATURE 200G",2021,2021-07-26,2021-08-01,7,30,"KLASSISCHE JOGHURT","JOGHURT STANDARD",0,0,0,0,0,1,0,0,12267.4612981638
"M-CLAS JOG. NATURE 200G",2021,2021-08-02,2021-08-08,8,31,"KLASSISCHE JOGHURT","JOGHURT STANDARD",0,0,0,0,0,0,0,0,12940.4325405177
"M-CLAS JOG. NATURE 200G",2021,2021-08-09,2021-08-15,8,32,"KLASSISCHE JOGHURT","JOGHURT STANDARD",0,0,0,0,0,0,0,0,12909.5475977001
"M-CLAS JOG. NATURE 200G",2021,2021-08-16,2021-08-22,8,33,"KLASSISCHE JOGHURT","JOGHURT STANDARD",0,0,0,0,0,0,0,0,12878.7363680053
"M-CLAS JOG. NATURE 200G",2021,2021-08-23,2021-08-29,8,34,"KLASSISCHE JOGHURT","JOGHURT STANDARD",0,0,0,0,0,0,0,0,12847.9986755022
"M-CLAS JOG. NATURE 200G",2021,2021-08-30,2021-09-05,9,35,"KLASSISCHE JOGHURT","JOGHURT STANDARD",0,0,0,0,0,0,0,0,12768.251736013
"M-CLAS JOG. NATURE 200G",2021,2021-09-06,2021-09-12,9,36,"KLASSISCHE JOGHURT","JOGHURT STANDARD",0,0,0,0,0,0,0,0,12737.7777372875
"M-CLAS JOG. NATURE 200G",2021,2021-09-13,2021-09-19,9,37,"KLASSISCHE JOGHURT","JOGHURT STANDARD",0,0,0,0,0,0,0,0,12707.3764708842
"M-CLAS JOG. NATURE 200G",2021,2021-09-20,2021-09-26,9,38,"KLASSISCHE JOGHURT","JOGHURT STANDARD",0,0,0,0,0,0,0,0,12677.0477632127
"M-CLAS JOG. NATURE 200G",2021,2021-09-27,2021-10-03,9,39,"KLASSISCHE JOGHURT","JOGHURT STANDARD",0,0,0,0,0,0,0,0,12646.791441097
"M-CLAS JOG. NATURE 200G",2021,2021-10-04,2021-10-10,10,40,"KLASSISCHE JOGHURT","JOGHURT STANDARD",0,0,0,0,0,0,0,0,12568.2933856988
"M-CLAS JOG. HIMBEER 200G",2021,2021-06-28,2021-07-04,7,26,"KLASSISCHE JOGHURT","JOGHURT STANDARD",0,0,0,0,0,0,0,0,7788.07300867222
"M-CLAS JOG. HIMBEER 200G",2021,2021-07-05,2021-07-11,7,27,"KLASSISCHE JOGHURT","JOGHURT STANDARD",0,0,0,0,0,0,0,0,7769.4852073156
"M-CLAS JOG. HIMBEER 200G",2021,2021-07-12,2021-07-18,7,28,"KLASSISCHE JOGHURT","JOGHURT STANDARD",0,0,0,0,0,0,0,0,7750.9417694824
"M-CLAS JOG. HIMBEER 200G",2021,2021-07-19,2021-07-25,7,29,"KLASSISCHE JOGHURT","JOGHURT STANDARD",0,0,0,0,0,0,0,0,7732.44258929015
"M-CLAS JOG. HIMBEER 200G",2021,2021-07-26,2021-08-01,7,30,"KLASSISCHE JOGHURT","JOGHURT STANDARD",0,0,0,0,0,1,0,0,6801.06328842621
"M-CLAS JOG. HIMBEER 200G",2021,2021-08-02,2021-08-08,8,31,"KLASSISCHE JOGHURT","JOGHURT STANDARD",0,0,0,0,0,0,0,0,7692.42927446721
"M-CLAS JOG. HIMBEER 200G",2021,2021-08-09,2021-08-15,8,32,"KLASSISCHE JOGHURT","JOGHURT STANDARD",0,0,0,0,0,0,0,0,7674.06974610321
"M-CLAS JOG. HIMBEER 200G",2021,2021-08-16,2021-08-22,8,33,"KLASSISCHE JOGHURT","JOGHURT STANDARD",0,0,0,0,0,0,0,0,7655.75403644325
"M-CLAS JOG. HIMBEER 200G",2021,2021-08-23,2021-08-29,8,34,"KLASSISCHE JOGHURT","JOGHURT STANDARD",0,0,0,0,0,0,0,0,7637.48204090519
"M-CLAS JOG. HIMBEER 200G",2021,2021-08-30,2021-09-05,9,35,"KLASSISCHE JOGHURT","JOGHURT STANDARD",0,0,0,0,0,0,0,0,7616.1375642962
"M-CLAS JOG. HIMBEER 200G",2021,2021-09-06,2021-09-12,9,36,"KLASSISCHE JOGHURT","JOGHURT STANDARD",0,0,0,0,0,0,0,0,7597.96012143041
"M-CLAS JOG. HIMBEER 200G",2021,2021-09-13,2021-09-19,9,37,"KLASSISCHE JOGHURT","JOGHURT STANDARD",0,0,0,0,0,0,0,0,7579.82606268502
"M-CLAS JOG. HIMBEER 200G",2021,2021-09-20,2021-09-26,9,38,"KLASSISCHE JOGHURT","JOGHURT STANDARD",0,0,0,0,0,0,0,0,7561.73528451512
"M-CLAS JOG. HIMBEER 200G",2021,2021-09-27,2021-10-03,9,39,"KLASSISCHE JOGHURT","JOGHURT STANDARD",0,0,0,0,0,0,0,0,7543.68768362291
"M-CLAS JOG. HIMBEER 200G",2021,2021-10-04,2021-10-10,10,40,"KLASSISCHE JOGHURT","JOGHURT STANDARD",0,0,0,0,0,0,0,0,7522.60533417235
"M-CLAS JOG. SCHOKOLA 200G",2021,2021-06-28,2021-07-04,7,26,"KLASSISCHE JOGHURT","JOGHURT STANDARD",0,0,0,0,0,0,0,0,23353.4621606845
"M-CLAS JOG. SCHOKOLA 200G",2021,2021-07-05,2021-07-11,7,27,"KLASSISCHE JOGHURT","JOGHURT STANDARD",0,0,0,0,0,0,0,0,23297.7244300355
"M-CLAS JOG. SCHOKOLA 200G",2021,2021-07-12,2021-07-18,7,28,"KLASSISCHE JOGHURT","JOGHURT STANDARD",0,0,0,0,0,0,0,0,23242.119728682
"M-CLAS JOG. SCHOKOLA 200G",2021,2021-07-19,2021-07-25,7,29,"KLASSISCHE JOGHURT","JOGHURT STANDARD",0,0,0,0,0,0,0,0,23186.6477391228
"M-CLAS JOG. SCHOKOLA 200G",2021,2021-07-26,2021-08-01,7,30,"KLASSISCHE JOGHURT","JOGHURT STANDARD",0,0,0,0,0,1,0,0,19080.3109023316
"M-CLAS JOG. SCHOKOLA 200G",2021,2021-08-02,2021-08-08,8,31,"KLASSISCHE JOGHURT","JOGHURT STANDARD",0,0,0,0,0,0,0,0,23053.9285610827
"M-CLAS JOG. SCHOKOLA 200G",2021,2021-08-09,2021-08-15,8,32,"KLASSISCHE JOGHURT","JOGHURT STANDARD",0,0,0,0,0,0,0,0,22998.9057275646
"M-CLAS JOG. SCHOKOLA 200G",2021,2021-08-16,2021-08-22,8,33,"KLASSISCHE JOGHURT","JOGHURT STANDARD",0,0,0,0,0,0,0,0,22944.0142170963
"M-CLAS JOG. SCHOKOLA 200G",2021,2021-08-23,2021-08-29,8,34,"KLASSISCHE JOGHURT","JOGHURT STANDARD",0,0,0,0,0,0,0,0,22889.2537162489
"M-CLAS JOG. SCHOKOLA 200G",2021,2021-08-30,2021-09-05,9,35,"KLASSISCHE JOGHURT","JOGHURT STANDARD",0,0,0,0,0,0,0,0,22812.6838608458
"M-CLAS JOG. SCHOKOLA 200G",2021,2021-09-06,2021-09-12,9,36,"KLASSISCHE JOGHURT","JOGHURT STANDARD",0,0,0,0,0,0,0,0,22758.2368062863
"M-CLAS JOG. SCHOKOLA 200G",2021,2021-09-13,2021-09-19,9,37,"KLASSISCHE JOGHURT","JOGHURT STANDARD",0,0,0,0,0,0,0,0,22703.9197005644
"M-CLAS JOG. SCHOKOLA 200G",2021,2021-09-20,2021-09-26,9,38,"KLASSISCHE JOGHURT","JOGHURT STANDARD",0,0,0,0,0,0,0,0,22649.7322335311
"M-CLAS JOG. SCHOKOLA 200G",2021,2021-09-27,2021-10-03,9,39,"KLASSISCHE JOGHURT","JOGHURT STANDARD",0,0,0,0,0,0,0,0,22595.6740957775
"M-CLAS JOG. SCHOKOLA 200G",2021,2021-10-04,2021-10-10,10,40,"KLASSISCHE JOGHURT","JOGHURT STANDARD",0,0,0,0,0,0,0,0,22520.0863322052
"M-CLAS JOGHURT MOKKA 200G",2021,2021-06-28,2021-07-04,7,26,"KLASSISCHE JOGHURT","JOGHURT STANDARD",0,0,0,0,0,0,0,0,20325.5911771073
"M-CLAS JOGHURT MOKKA 200G",2021,2021-07-05,2021-07-11,7,27,"KLASSISCHE JOGHURT","JOGHURT STANDARD",0,0,0,0,0,0,0,0,20277.0800690533
"M-CLAS JOGHURT MOKKA 200G",2021,2021-07-12,2021-07-18,7,28,"KLASSISCHE JOGHURT","JOGHURT STANDARD",0,0,0,0,0,0,0,0,20228.6847425077
"M-CLAS JOGHURT MOKKA 200G",2021,2021-07-19,2021-07-25,7,29,"KLASSISCHE JOGHURT","JOGHURT STANDARD",0,0,0,0,0,0,0,0,20180.4049211346
"M-CLAS JOGHURT MOKKA 200G",2021,2021-07-26,2021-08-01,7,30,"KLASSISCHE JOGHURT","JOGHURT STANDARD",0,0,0,0,0,1,0,0,16743.6086891383
"M-CLAS JOGHURT MOKKA 200G",2021,2021-08-02,2021-08-08,8,31,"KLASSISCHE JOGHURT","JOGHURT STANDARD",0,0,0,0,0,0,0,0,20101.5715110547
"M-CLAS JOGHURT MOKKA 200G",2021,2021-08-09,2021-08-15,8,32,"KLASSISCHE JOGHURT","JOGHURT STANDARD",0,0,0,0,0,0,0,0,20053.5950709536
"M-CLAS JOGHURT MOKKA 200G",2021,2021-08-16,2021-08-22,8,33,"KLASSISCHE JOGHURT","JOGHURT STANDARD",0,0,0,0,0,0,0,0,20005.7331362684
"M-CLAS JOGHURT MOKKA 200G",2021,2021-08-23,2021-08-29,8,34,"KLASSISCHE JOGHURT","JOGHURT STANDARD",0,0,0,0,0,0,0,0,19957.9854337088
"M-CLAS JOGHURT MOKKA 200G",2021,2021-08-30,2021-09-05,9,35,"KLASSISCHE JOGHURT","JOGHURT STANDARD",0,0,0,0,0,0,0,0,19927.5820699025
"M-CLAS JOGHURT MOKKA 200G",2021,2021-09-06,2021-09-12,9,36,"KLASSISCHE JOGHURT","JOGHURT STANDARD",0,0,0,0,0,0,0,0,19880.0208905684
"M-CLAS JOGHURT MOKKA 200G",2021,2021-09-13,2021-09-19,9,37,"KLASSISCHE JOGHURT","JOGHURT STANDARD",0,0,0,0,0,0,0,0,19832.5732255468
"M-CLAS JOGHURT MOKKA 200G",2021,2021-09-20,2021-09-26,9,38,"KLASSISCHE JOGHURT","JOGHURT STANDARD",0,0,0,0,0,0,0,0,19785.238803913
"M-CLAS JOGHURT MOKKA 200G",2021,2021-09-27,2021-10-03,9,39,"KLASSISCHE JOGHURT","JOGHURT STANDARD",0,0,0,0,0,0,0,0,19738.017355389
"M-CLAS JOGHURT MOKKA 200G",2021,2021-10-04,2021-10-10,10,40,"KLASSISCHE JOGHURT","JOGHURT STANDARD",0,0,0,0,0,0,0,0,19707.9490839963
"M-CLAS JOG. APF/MANG 200G",2021,2021-06-28,2021-07-04,7,26,"KLASSISCHE JOGHURT","JOGHURT STANDARD",0,0,0,0,0,0,0,0,8918.97289601218
"M-CLAS JOG. APF/MANG 200G",2021,2021-07-05,2021-07-11,7,27,"KLASSISCHE JOGHURT","JOGHURT STANDARD",0,0,0,0,0,0,0,0,8897.6859748044
"M-CLAS JOG. APF/MANG 200G",2021,2021-07-12,2021-07-18,7,28,"KLASSISCHE JOGHURT","JOGHURT STANDARD",0,0,0,0,0,0,0,0,8876.44985911197
"M-CLAS JOG. APF/MANG 200G",2021,2021-07-19,2021-07-25,7,29,"KLASSISCHE JOGHURT","JOGHURT STANDARD",0,0,0,0,0,0,0,0,8855.26442767734
"M-CLAS JOG. APF/MANG 200G",2021,2021-07-26,2021-08-01,7,30,"KLASSISCHE JOGHURT","JOGHURT STANDARD",0,0,0,0,0,1,0,0,7672.57457230969
"M-CLAS JOG. APF/MANG 200G",2021,2021-08-02,2021-08-08,8,31,"KLASSISCHE JOGHURT","JOGHURT STANDARD",0,0,0,0,0,0,0,0,8814.94710940024
"M-CLAS JOG. APF/MANG 200G",2021,2021-08-09,2021-08-15,8,32,"KLASSISCHE JOGHURT","JOGHURT STANDARD",0,0,0,0,0,0,0,0,8793.90846663763
"M-CLAS JOG. APF/MANG 200G",2021,2021-08-16,2021-08-22,8,33,"KLASSISCHE JOGHURT","JOGHURT STANDARD",0,0,0,0,0,0,0,0,8772.92003682397
"M-CLAS JOG. APF/MANG 200G",2021,2021-08-23,2021-08-29,8,34,"KLASSISCHE JOGHURT","JOGHURT STANDARD",0,0,0,0,0,0,0,0,8751.98170011599
"M-CLAS JOG. APF/MANG 200G",2021,2021-08-30,2021-09-05,9,35,"KLASSISCHE JOGHURT","JOGHURT STANDARD",0,0,0,0,0,0,0,0,8732.977626043
"M-CLAS JOG. APF/MANG 200G",2021,2021-09-06,2021-09-12,9,36,"KLASSISCHE JOGHURT","JOGHURT STANDARD",0,0,0,0,0,0,0,0,8712.13461992534
"M-CLAS JOG. APF/MANG 200G",2021,2021-09-13,2021-09-19,9,37,"KLASSISCHE JOGHURT","JOGHURT STANDARD",0,0,0,0,0,0,0,0,8691.34135983046
"M-CLAS JOG. APF/MANG 200G",2021,2021-09-20,2021-09-26,9,38,"KLASSISCHE JOGHURT","JOGHURT STANDARD",0,0,0,0,0,0,0,0,8670.59772702948
"M-CLAS JOG. APF/MANG 200G",2021,2021-09-27,2021-10-03,9,39,"KLASSISCHE JOGHURT","JOGHURT STANDARD",0,0,0,0,0,0,0,0,8649.90360307691
"M-CLAS JOG. APF/MANG 200G",2021,2021-10-04,2021-10-10,10,40,"KLASSISCHE JOGHURT","JOGHURT STANDARD",0,0,0,0,0,0,0,0,8631.12118162888
"M-CLAS JOG. ERDBEER 200G",2021,2021-06-28,2021-07-04,7,26,"KLASSISCHE JOGHURT","JOGHURT STANDARD",0,0,0,0,0,0,0,0,10102.181760062
"M-CLAS JOG. ERDBEER 200G",2021,2021-07-05,2021-07-11,7,27,"KLASSISCHE JOGHURT","JOGHURT STANDARD",0,0,0,0,0,0,0,0,10078.0708731179
"M-CLAS JOG. ERDBEER 200G",2021,2021-07-12,2021-07-18,7,28,"KLASSISCHE JOGHURT","JOGHURT STANDARD",0,0,0,0,0,0,0,0,10054.0175316509
"M-CLAS JOG. ERDBEER 200G",2021,2021-07-19,2021-07-25,7,29,"KLASSISCHE JOGHURT","JOGHURT STANDARD",0,0,0,0,0,0,0,0,10030.0215983171
"M-CLAS JOG. ERDBEER 200G",2021,2021-07-26,2021-08-01,7,30,"KLASSISCHE JOGHURT","JOGHURT STANDARD",0,0,0,0,0,1,0,0,8777.10823115924
"M-CLAS JOG. ERDBEER 200G",2021,2021-08-02,2021-08-08,8,31,"KLASSISCHE JOGHURT","JOGHURT STANDARD",0,0,0,0,0,0,0,0,9975.97663063109
"M-CLAS JOG. ERDBEER 200G",2021,2021-08-09,2021-08-15,8,32,"KLASSISCHE JOGHURT","JOGHURT STANDARD",0,0,0,0,0,0,0,0,9952.16695759106
"M-CLAS JOG. ERDBEER 200G",2021,2021-08-16,2021-08-22,8,33,"KLASSISCHE JOGHURT","JOGHURT STANDARD",0,0,0,0,0,0,0,0,9928.41411112062
"M-CLAS JOG. ERDBEER 200G",2021,2021-08-23,2021-08-29,8,34,"KLASSISCHE JOGHURT","JOGHURT STANDARD",0,0,0,0,0,0,0,0,9904.71795559174
"M-CLAS JOG. ERDBEER 200G",2021,2021-08-30,2021-09-05,9,35,"KLASSISCHE JOGHURT","JOGHURT STANDARD",0,0,0,0,0,0,0,0,9874.91663710725
"M-CLAS JOG. ERDBEER 200G",2021,2021-09-06,2021-09-12,9,36,"KLASSISCHE JOGHURT","JOGHURT STANDARD",0,0,0,0,0,0,0,0,9851.34816405118
"M-CLAS JOG. ERDBEER 200G",2021,2021-09-13,2021-09-19,9,37,"KLASSISCHE JOGHURT","JOGHURT STANDARD",0,0,0,0,0,0,0,0,9827.83594189246
"M-CLAS JOG. ERDBEER 200G",2021,2021-09-20,2021-09-26,9,38,"KLASSISCHE JOGHURT","JOGHURT STANDARD",0,0,0,0,0,0,0,0,9804.37983637703
"M-CLAS JOG. ERDBEER 200G",2021,2021-09-27,2021-10-03,9,39,"KLASSISCHE JOGHURT","JOGHURT STANDARD",0,0,0,0,0,0,0,0,9780.97971357124
"M-CLAS JOG. ERDBEER 200G",2021,2021-10-04,2021-10-10,10,40,"KLASSISCHE JOGHURT","JOGHURT STANDARD",0,0,0,0,0,0,0,0,9751.55069874804
"M-CLAS JOG. VANILLE 200G",2021,2021-06-28,2021-07-04,7,26,"KLASSISCHE JOGHURT","JOGHURT STANDARD",0,0,0,0,0,0,0,0,4310.24419901996
"M-CLAS JOG. VANILLE 200G",2021,2021-07-05,2021-07-11,7,27,"KLASSISCHE JOGHURT","JOGHURT STANDARD",0,0,0,0,0,0,0,0,4299.95693503557
"M-CLAS JOG. VANILLE 200G",2021,2021-07-12,2021-07-18,7,28,"KLASSISCHE JOGHURT","JOGHURT STANDARD",0,0,0,0,0,0,0,0,4289.69422367406
"M-CLAS JOG. VANILLE 200G",2021,2021-07-19,2021-07-25,7,29,"KLASSISCHE JOGHURT","JOGHURT STANDARD",0,0,0,0,0,0,0,0,4279.45600633563
"M-CLAS JOG. VANILLE 200G",2021,2021-07-26,2021-08-01,7,30,"KLASSISCHE JOGHURT","JOGHURT STANDARD",0,0,0,0,0,1,0,0,3663.53011295597
"M-CLAS JOG. VANILLE 200G",2021,2021-08-02,2021-08-08,8,31,"KLASSISCHE JOGHURT","JOGHURT STANDARD",0,0,0,0,0,0,0,0,4260.6175311457
"M-CLAS JOG. VANILLE 200G",2021,2021-08-09,2021-08-15,8,32,"KLASSISCHE JOGHURT","JOGHURT STANDARD",0,0,0,0,0,0,0,0,4250.44871117736
"M-CLAS JOG. VANILLE 200G",2021,2021-08-16,2021-08-22,8,33,"KLASSISCHE JOGHURT","JOGHURT STANDARD",0,0,0,0,0,0,0,0,4240.30416114144
"M-CLAS JOG. VANILLE 200G",2021,2021-08-23,2021-08-29,8,34,"KLASSISCHE JOGHURT","JOGHURT STANDARD",0,0,0,0,0,0,0,0,4230.18382311288
"M-CLAS JOG. VANILLE 200G",2021,2021-08-30,2021-09-05,9,35,"KLASSISCHE JOGHURT","JOGHURT STANDARD",0,0,0,0,0,0,0,0,4221.6380352088
"M-CLAS JOG. VANILLE 200G",2021,2021-09-06,2021-09-12,9,36,"KLASSISCHE JOGHURT","JOGHURT STANDARD",0,0,0,0,0,0,0,0,4211.562247641
"M-CLAS JOG. VANILLE 200G",2021,2021-09-13,2021-09-19,9,37,"KLASSISCHE JOGHURT","JOGHURT STANDARD",0,0,0,0,0,0,0,0,4201.51050796509
"M-CLAS JOG. VANILLE 200G",2021,2021-09-20,2021-09-26,9,38,"KLASSISCHE JOGHURT","JOGHURT STANDARD",0,0,0,0,0,0,0,0,4191.48275878595
"M-CLAS JOG. VANILLE 200G",2021,2021-09-27,2021-10-03,9,39,"KLASSISCHE JOGHURT","JOGHURT STANDARD",0,0,0,0,0,0,0,0,4181.47894284544
"M-CLAS JOG. VANILLE 200G",2021,2021-10-04,2021-10-10,10,40,"KLASSISCHE JOGHURT","JOGHURT STANDARD",0,0,0,0,0,0,0,0,4173.03154820134
"M-CLAS JOG. HASELNUS 200G",2021,2021-06-28,2021-07-04,7,26,"KLASSISCHE JOGHURT","JOGHURT STANDARD",0,0,0,0,0,0,0,0,8760.14697369109
"M-CLAS JOG. HASELNUS 200G",2021,2021-07-05,2021-07-11,7,27,"KLASSISCHE JOGHURT","JOGHURT STANDARD",0,0,0,0,0,0,0,0,8739.23912246518
"M-CLAS JOG. HASELNUS 200G",2021,2021-07-12,2021-07-18,7,28,"KLASSISCHE JOGHURT","JOGHURT STANDARD",0,0,0,0,0,0,0,0,8718.38117202797
"M-CLAS JOG. HASELNUS 200G",2021,2021-07-19,2021-07-25,7,29,"KLASSISCHE JOGHURT","JOGHURT STANDARD",0,0,0,0,0,0,0,0,8697.57300328115
"M-CLAS JOG. HASELNUS 200G",2021,2021-07-26,2021-08-01,7,30,"KLASSISCHE JOGHURT","JOGHURT STANDARD",0,0,0,0,0,1,0,0,7359.92101914279
"M-CLAS JOG. HASELNUS 200G",2021,2021-08-02,2021-08-08,8,31,"KLASSISCHE JOGHURT","JOGHURT STANDARD",0,0,0,0,0,0,0,0,8707.45682313133
"M-CLAS JOG. HASELNUS 200G",2021,2021-08-09,2021-08-15,8,32,"KLASSISCHE JOGHURT","JOGHURT STANDARD",0,0,0,0,0,0,0,0,8686.67472753855
"M-CLAS JOG. HASELNUS 200G",2021,2021-08-16,2021-08-22,8,33,"KLASSISCHE JOGHURT","JOGHURT STANDARD",0,0,0,0,0,0,0,0,8665.94223259338
"M-CLAS JOG. HASELNUS 200G",2021,2021-08-23,2021-08-29,8,34,"KLASSISCHE JOGHURT","JOGHURT STANDARD",0,0,0,0,0,0,0,0,8645.25921991385
"M-CLAS JOG. HASELNUS 200G",2021,2021-08-30,2021-09-05,9,35,"KLASSISCHE JOGHURT","JOGHURT STANDARD",0,0,0,0,0,0,0,0,8675.79010760707
"M-CLAS JOG. HASELNUS 200G",2021,2021-09-06,2021-09-12,9,36,"KLASSISCHE JOGHURT","JOGHURT STANDARD",0,0,0,0,0,0,0,0,8655.08359099478
"M-CLAS JOG. HASELNUS 200G",2021,2021-09-13,2021-09-19,9,37,"KLASSISCHE JOGHURT","JOGHURT STANDARD",0,0,0,0,0,0,0,0,8634.42649464562
"M-CLAS JOG. HASELNUS 200G",2021,2021-09-20,2021-09-26,9,38,"KLASSISCHE JOGHURT","JOGHURT STANDARD",0,0,0,0,0,0,0,0,8613.81870060826
"M-CLAS JOG. HASELNUS 200G",2021,2021-09-27,2021-10-03,9,39,"KLASSISCHE JOGHURT","JOGHURT STANDARD",0,0,0,0,0,0,0,0,8593.26009121276
"M-CLAS JOG. HASELNUS 200G",2021,2021-10-04,2021-10-10,10,40,"KLASSISCHE JOGHURT","JOGHURT STANDARD",0,0,0,0,0,0,0,0,8623.60734305212
"BIFIDUS JOGH. NATURE 500G",2021,2021-06-28,2021-07-04,7,26,"JOGHURT 500G / MFP","BECHER 500G ODER MEHR",0,0,0,0,0,0,0,0,6107.70795353427
"BIFIDUS JOGH. NATURE 500G",2021,2021-07-05,2021-07-11,7,27,"JOGHURT 500G / MFP","BECHER 500G ODER MEHR",1,0,0,0,0,0,0,0,6833.76566988935
"BIFIDUS JOGH. NATURE 500G",2021,2021-07-12,2021-07-18,7,28,"JOGHURT 500G / MFP","BECHER 500G ODER MEHR",0,0,0,0,0,0,0,0,6078.58820020482
"BIFIDUS JOGH. NATURE 500G",2021,2021-07-19,2021-07-25,7,29,"JOGHURT 500G / MFP","BECHER 500G ODER MEHR",0,0,0,0,0,0,0,0,6064.08042788833
"BIFIDUS JOGH. NATURE 500G",2021,2021-07-26,2021-08-01,7,30,"JOGHURT 500G / MFP","BECHER 500G ODER MEHR",0,0,0,0,0,1,0,0,5574.71355841685
"BIFIDUS JOGH. NATURE 500G",2021,2021-08-02,2021-08-08,8,31,"JOGHURT 500G / MFP","BECHER 500G ODER MEHR",0,0,0,0,0,0,0,0,6043.49693612333
"BIFIDUS JOGH. NATURE 500G",2021,2021-08-09,2021-08-15,8,32,"JOGHURT 500G / MFP","BECHER 500G ODER MEHR",0,0,0,0,0,0,0,0,6029.07291616064
"BIFIDUS JOGH. NATURE 500G",2021,2021-08-16,2021-08-22,8,33,"JOGHURT 500G / MFP","BECHER 500G ODER MEHR",0,0,0,0,0,0,0,0,6014.6833220203
"BIFIDUS JOGH. NATURE 500G",2021,2021-08-23,2021-08-29,8,34,"JOGHURT 500G / MFP","BECHER 500G ODER MEHR",0,0,0,0,0,0,0,0,6000.32807153816
"BIFIDUS JOGH. NATURE 500G",2021,2021-08-30,2021-09-05,9,35,"JOGHURT 500G / MFP","BECHER 500G ODER MEHR",0,0,0,0,0,0,0,0,5994.26750034707
"BIFIDUS JOGH. NATURE 500G",2021,2021-09-06,2021-09-12,9,36,"JOGHURT 500G / MFP","BECHER 500G ODER MEHR",0,0,0,0,0,0,0,0,5979.96097632621
"BIFIDUS JOGH. NATURE 500G",2021,2021-09-13,2021-09-19,9,37,"JOGHURT 500G / MFP","BECHER 500G ODER MEHR",0,0,0,0,0,0,0,0,5965.6885977
"BIFIDUS JOGH. NATURE 500G",2021,2021-09-20,2021-09-26,9,38,"JOGHURT 500G / MFP","BECHER 500G ODER MEHR",0,0,0,0,0,0,0,0,5951.45028297363
"BIFIDUS JOGH. NATURE 500G",2021,2021-09-27,2021-10-03,9,39,"JOGHURT 500G / MFP","BECHER 500G ODER MEHR",0,0,0,0,0,0,0,0,5937.24595084673
"BIFIDUS JOGH. NATURE 500G",2021,2021-10-04,2021-10-10,10,40,"JOGHURT 500G / MFP","BECHER 500G ODER MEHR",0,0,0,0,0,0,0,0,5931.24909511898
"BIO JOGHURT NATURE 180G",2021,2021-06-28,2021-07-04,7,26,"BIO / ALNATURA","KLASSISCHE JOGHURT",0,0,0,0,0,0,0,0,6768.19362835674
"BIO JOGHURT NATURE 180G",2021,2021-07-05,2021-07-11,7,27,"BIO / ALNATURA","KLASSISCHE JOGHURT",0,0,0,0,0,0,0,0,6752.03997410017
"BIO JOGHURT NATURE 180G",2021,2021-07-12,2021-07-18,7,28,"BIO / ALNATURA","KLASSISCHE JOGHURT",0,0,0,0,0,0,0,0,6735.92487378579
"BIO JOGHURT NATURE 180G",2021,2021-07-19,2021-07-25,7,29,"BIO / ALNATURA","KLASSISCHE JOGHURT",1,0,0,0,0,0,0,0,7749.82937765336
"BIO JOGHURT NATURE 180G",2021,2021-07-26,2021-08-01,7,30,"BIO / ALNATURA","KLASSISCHE JOGHURT",0,0,0,0,0,1,0,0,6236.6428576071
"BIO JOGHURT NATURE 180G",2021,2021-08-02,2021-08-08,8,31,"BIO / ALNATURA","KLASSISCHE JOGHURT",0,0,0,0,0,0,0,0,6690.62329945909
"BIO JOGHURT NATURE 180G",2021,2021-08-09,2021-08-15,8,32,"BIO / ALNATURA","KLASSISCHE JOGHURT",0,0,0,0,0,0,0,0,6674.65478238127
"BIO JOGHURT NATURE 180G",2021,2021-08-16,2021-08-22,8,33,"BIO / ALNATURA","KLASSISCHE JOGHURT",0,0,0,1,0,0,0,0,6658.72437737855
"BIO JOGHURT NATURE 180G",2021,2021-08-23,2021-08-29,8,34,"BIO / ALNATURA","KLASSISCHE JOGHURT",0,0,0,0,0,0,0,0,6642.83199348881
"BIO JOGHURT NATURE 180G",2021,2021-08-30,2021-09-05,9,35,"BIO / ALNATURA","KLASSISCHE JOGHURT",0,0,0,0,0,0,0,0,6629.76527197329
"BIO JOGHURT NATURE 180G",2021,2021-09-06,2021-09-12,9,36,"BIO / ALNATURA","KLASSISCHE JOGHURT",0,0,0,0,0,0,0,0,6613.94200480834
"BIO JOGHURT NATURE 180G",2021,2021-09-13,2021-09-19,9,37,"BIO / ALNATURA","KLASSISCHE JOGHURT",1,0,0,0,0,0,0,0,7501.80743089511
"BIO JOGHURT NATURE 180G",2021,2021-09-20,2021-09-26,9,38,"BIO / ALNATURA","KLASSISCHE JOGHURT",0,0,0,0,0,0,0,0,6582.40867656468
"BIO JOGHURT NATURE 180G",2021,2021-09-27,2021-10-03,9,39,"BIO / ALNATURA","KLASSISCHE JOGHURT",0,0,0,0,0,0,0,0,6566.69843543162
"BIO JOGHURT NATURE 180G",2021,2021-10-04,2021-10-10,10,40,"BIO / ALNATURA","KLASSISCHE JOGHURT",0,0,0,0,0,0,0,0,6553.78147173055
"EXC JOGHURT TRUFFES 150G",2021,2021-06-28,2021-07-04,7,26,"JOGHURT SPECIAL / GENUSS","RAHMJOGHURT / GRIECHISCH",0,0,0,0,0,0,0,0,4329.56658876621
"EXC JOGHURT TRUFFES 150G",2021,2021-07-05,2021-07-11,7,27,"JOGHURT SPECIAL / GENUSS","RAHMJOGHURT / GRIECHISCH",0,0,0,0,0,0,0,0,4319.23320801559
"EXC JOGHURT TRUFFES 150G",2021,2021-07-12,2021-07-18,7,28,"JOGHURT SPECIAL / GENUSS","RAHMJOGHURT / GRIECHISCH",0,0,0,0,0,0,0,0,4308.92448995477
"EXC JOGHURT TRUFFES 150G",2021,2021-07-19,2021-07-25,7,29,"JOGHURT SPECIAL / GENUSS","RAHMJOGHURT / GRIECHISCH",0,0,0,0,0,0,0,0,4298.64037572128
"EXC JOGHURT TRUFFES 150G",2021,2021-07-26,2021-08-01,7,30,"JOGHURT SPECIAL / GENUSS","RAHMJOGHURT / GRIECHISCH",0,0,0,0,0,1,0,0,3964.92519343316
"EXC JOGHURT TRUFFES 150G",2021,2021-08-02,2021-08-08,8,31,"JOGHURT SPECIAL / GENUSS","RAHMJOGHURT / GRIECHISCH",0,0,0,0,0,0,0,0,4255.54843299516
"EXC JOGHURT TRUFFES 150G",2021,2021-08-09,2021-08-15,8,32,"JOGHURT SPECIAL / GENUSS","RAHMJOGHURT / GRIECHISCH",0,0,0,0,0,0,0,0,4245.39171144827
"EXC JOGHURT TRUFFES 150G",2021,2021-08-16,2021-08-22,8,33,"JOGHURT SPECIAL / GENUSS","RAHMJOGHURT / GRIECHISCH",0,0,0,0,0,0,0,0,4235.25923095848
"EXC JOGHURT TRUFFES 150G",2021,2021-08-23,2021-08-29,8,34,"JOGHURT SPECIAL / GENUSS","RAHMJOGHURT / GRIECHISCH",0,0,0,0,0,0,0,0,4225.15093366964
"EXC JOGHURT TRUFFES 150G",2021,2021-08-30,2021-09-05,9,35,"JOGHURT SPECIAL / GENUSS","RAHMJOGHURT / GRIECHISCH",0,0,0,0,0,0,0,0,4192.80265579543
"EXC JOGHURT TRUFFES 150G",2021,2021-09-06,2021-09-12,9,36,"JOGHURT SPECIAL / GENUSS","RAHMJOGHURT / GRIECHISCH",0,0,0,1,0,0,0,0,4182.79568965546
"EXC JOGHURT TRUFFES 150G",2021,2021-09-13,2021-09-19,9,37,"JOGHURT SPECIAL / GENUSS","RAHMJOGHURT / GRIECHISCH",0,0,0,0,0,0,0,0,4172.81260715122
"EXC JOGHURT TRUFFES 150G",2021,2021-09-20,2021-09-26,9,38,"JOGHURT SPECIAL / GENUSS","RAHMJOGHURT / GRIECHISCH",0,0,0,0,0,0,0,0,4162.85335127962
"EXC JOGHURT TRUFFES 150G",2021,2021-09-27,2021-10-03,9,39,"JOGHURT SPECIAL / GENUSS","RAHMJOGHURT / GRIECHISCH",0,0,0,0,0,0,0,0,4152.9178651736
"EXC JOGHURT TRUFFES 150G",2021,2021-10-04,2021-10-10,10,40,"JOGHURT SPECIAL / GENUSS","RAHMJOGHURT / GRIECHISCH",0,0,0,0,0,0,0,0,4121.12261260146
"YOGOS GRECQUE NATURE 180G",2021,2021-06-28,2021-07-04,7,26,"JOGHURT SPECIAL / GENUSS","RAHMJOGHURT / GRIECHISCH",0,0,0,0,0,0,0,0,6870.76581026254
"YOGOS GRECQUE NATURE 180G",2021,2021-07-05,2021-07-11,7,27,"JOGHURT SPECIAL / GENUSS","RAHMJOGHURT / GRIECHISCH",0,0,0,0,0,0,0,0,6854.36734688055
"YOGOS GRECQUE NATURE 180G",2021,2021-07-12,2021-07-18,7,28,"JOGHURT SPECIAL / GENUSS","RAHMJOGHURT / GRIECHISCH",0,0,0,0,0,0,0,0,6838.00802172692
"YOGOS GRECQUE NATURE 180G",2021,2021-07-19,2021-07-25,7,29,"JOGHURT SPECIAL / GENUSS","RAHMJOGHURT / GRIECHISCH",0,0,0,0,0,0,0,0,6821.6877413904
"YOGOS GRECQUE NATURE 180G",2021,2021-07-26,2021-08-01,7,30,"JOGHURT SPECIAL / GENUSS","RAHMJOGHURT / GRIECHISCH",0,0,0,0,0,1,0,0,6643.42680234808
"YOGOS GRECQUE NATURE 180G",2021,2021-08-02,2021-08-08,8,31,"JOGHURT SPECIAL / GENUSS","RAHMJOGHURT / GRIECHISCH",0,0,0,0,0,0,0,0,6810.8296712667
"YOGOS GRECQUE NATURE 180G",2021,2021-08-09,2021-08-15,8,32,"JOGHURT SPECIAL / GENUSS","RAHMJOGHURT / GRIECHISCH",0,0,0,0,0,0,0,0,6794.57425752542
"YOGOS GRECQUE NATURE 180G",2021,2021-08-16,2021-08-22,8,33,"JOGHURT SPECIAL / GENUSS","RAHMJOGHURT / GRIECHISCH",0,0,0,0,0,0,0,0,6778.35764059578
"YOGOS GRECQUE NATURE 180G",2021,2021-08-23,2021-08-29,8,34,"JOGHURT SPECIAL / GENUSS","RAHMJOGHURT / GRIECHISCH",0,0,0,0,0,0,0,0,6762.17972788141
"YOGOS GRECQUE NATURE 180G",2021,2021-08-30,2021-09-05,9,35,"JOGHURT SPECIAL / GENUSS","RAHMJOGHURT / GRIECHISCH",0,0,0,0,0,0,0,0,6767.56853892837
"YOGOS GRECQUE NATURE 180G",2021,2021-09-06,2021-09-12,9,36,"JOGHURT SPECIAL / GENUSS","RAHMJOGHURT / GRIECHISCH",0,0,0,0,0,0,0,0,6751.41637657335
"YOGOS GRECQUE NATURE 180G",2021,2021-09-13,2021-09-19,9,37,"JOGHURT SPECIAL / GENUSS","RAHMJOGHURT / GRIECHISCH",0,0,0,0,0,0,0,0,6735.30276459979
"YOGOS GRECQUE NATURE 180G",2021,2021-09-20,2021-09-26,9,38,"JOGHURT SPECIAL / GENUSS","RAHMJOGHURT / GRIECHISCH",0,0,0,0,0,0,0,0,6719.22761099945
"YOGOS GRECQUE NATURE 180G",2021,2021-09-27,2021-10-03,9,39,"JOGHURT SPECIAL / GENUSS","RAHMJOGHURT / GRIECHISCH",0,0,0,0,0,0,0,0,6703.1908239837
"YOGOS GRECQUE NATURE 180G",2021,2021-10-04,2021-10-10,10,40,"JOGHURT SPECIAL / GENUSS","RAHMJOGHURT / GRIECHISCH",0,0,0,0,0,0,0,0,6708.53262651125
"BIO JOGHURT NATURE 500G",2021,2021-06-28,2021-07-04,7,26,"BIO / ALNATURA","JOGHURT 500G / MFP",0,0,0,0,0,0,0,0,5571.77117097317
"BIO JOGHURT NATURE 500G",2021,2021-07-05,2021-07-11,7,27,"BIO / ALNATURA","JOGHURT 500G / MFP",0,0,0,0,0,0,0,0,5558.47301934885
"BIO JOGHURT NATURE 500G",2021,2021-07-12,2021-07-18,7,28,"BIO / ALNATURA","JOGHURT 500G / MFP",0,0,0,0,0,0,0,0,5545.20660643584
"BIO JOGHURT NATURE 500G",2021,2021-07-19,2021-07-25,7,29,"BIO / ALNATURA","JOGHURT 500G / MFP",1,0,0,0,0,0,0,0,6654.62877751027
"BIO JOGHURT NATURE 500G",2021,2021-07-26,2021-08-01,7,30,"BIO / ALNATURA","JOGHURT 500G / MFP",0,0,0,0,0,1,0,0,5195.2482086071
"BIO JOGHURT NATURE 500G",2021,2021-08-02,2021-08-08,8,31,"BIO / ALNATURA","JOGHURT 500G / MFP",0,0,0,0,0,0,0,0,5513.47699590592
"BIO JOGHURT NATURE 500G",2021,2021-08-09,2021-08-15,8,32,"BIO / ALNATURA","JOGHURT 500G / MFP",0,0,0,0,0,0,0,0,5500.31797504543
"BIO JOGHURT NATURE 500G",2021,2021-08-16,2021-08-22,8,33,"BIO / ALNATURA","JOGHURT 500G / MFP",0,0,0,1,0,0,0,0,5487.1903608327
"BIO JOGHURT NATURE 500G",2021,2021-08-23,2021-08-29,8,34,"BIO / ALNATURA","JOGHURT 500G / MFP",0,0,0,0,0,0,0,0,5474.09407830947
"BIO JOGHURT NATURE 500G",2021,2021-08-30,2021-09-05,9,35,"BIO / ALNATURA","JOGHURT 500G / MFP",0,0,0,0,0,0,0,0,5468.84521676508
"BIO JOGHURT NATURE 500G",2021,2021-09-06,2021-09-12,9,36,"BIO / ALNATURA","JOGHURT 500G / MFP",0,0,0,0,0,0,0,0,5455.79271861489
"BIO JOGHURT NATURE 500G",2021,2021-09-13,2021-09-19,9,37,"BIO / ALNATURA","JOGHURT 500G / MFP",1,0,0,0,0,0,0,0,6441.46745442444
"BIO JOGHURT NATURE 500G",2021,2021-09-20,2021-09-26,9,38,"BIO / ALNATURA","JOGHURT 500G / MFP",0,0,0,0,0,0,0,0,5429.78110519275
"BIO JOGHURT NATURE 500G",2021,2021-09-27,2021-10-03,9,39,"BIO / ALNATURA","JOGHURT 500G / MFP",0,0,0,0,0,0,0,0,5416.8218413953
"BIO JOGHURT NATURE 500G",2021,2021-10-04,2021-10-10,10,40,"BIO / ALNATURA","JOGHURT 500G / MFP",0,0,0,0,0,0,0,0,5411.62789561186
"BIFIDUS JOGH. NATURE 150G",2021,2021-06-28,2021-07-04,7,26,"JOGHURT GESUNDHEIT","PROBIOTISCH",0,0,0,0,0,0,0,0,14726.3464283277
"BIFIDUS JOGH. NATURE 150G",2021,2021-07-05,2021-07-11,7,27,"JOGHURT GESUNDHEIT","PROBIOTISCH",1,0,0,0,0,0,0,0,16366.5399507993
"BIFIDUS JOGH. NATURE 150G",2021,2021-07-12,2021-07-18,7,28,"JOGHURT GESUNDHEIT","PROBIOTISCH",0,0,0,0,0,0,0,0,14656.1355441958
"BIFIDUS JOGH. NATURE 150G",2021,2021-07-19,2021-07-25,7,29,"JOGHURT GESUNDHEIT","PROBIOTISCH",0,0,0,0,0,0,0,0,14621.1557313657
"BIFIDUS JOGH. NATURE 150G",2021,2021-07-26,2021-08-01,7,30,"JOGHURT GESUNDHEIT","PROBIOTISCH",0,0,0,0,0,1,0,0,13363.9475941654
"BIFIDUS JOGH. NATURE 150G",2021,2021-08-02,2021-08-08,8,31,"JOGHURT GESUNDHEIT","PROBIOTISCH",0,0,0,0,0,0,0,0,14528.4405707536
"BIFIDUS JOGH. NATURE 150G",2021,2021-08-09,2021-08-15,8,32,"JOGHURT GESUNDHEIT","PROBIOTISCH",0,0,0,0,0,0,0,0,14493.7655276396
"BIFIDUS JOGH. NATURE 150G",2021,2021-08-16,2021-08-22,8,33,"JOGHURT GESUNDHEIT","PROBIOTISCH",0,0,0,0,0,0,0,0,14459.1732434844
"BIFIDUS JOGH. NATURE 150G",2021,2021-08-23,2021-08-29,8,34,"JOGHURT GESUNDHEIT","PROBIOTISCH",0,0,0,0,0,0,0,0,14424.6635207672
"BIFIDUS JOGH. NATURE 150G",2021,2021-08-30,2021-09-05,9,35,"JOGHURT GESUNDHEIT","PROBIOTISCH",0,0,0,0,0,0,0,0,14367.485240551
"BIFIDUS JOGH. NATURE 150G",2021,2021-09-06,2021-09-12,9,36,"JOGHURT GESUNDHEIT","PROBIOTISCH",0,0,0,0,0,0,0,0,14333.1943496788
"BIFIDUS JOGH. NATURE 150G",2021,2021-09-13,2021-09-19,9,37,"JOGHURT GESUNDHEIT","PROBIOTISCH",0,0,0,0,0,0,0,0,14298.9853009088
"BIFIDUS JOGH. NATURE 150G",2021,2021-09-20,2021-09-26,9,38,"JOGHURT GESUNDHEIT","PROBIOTISCH",0,0,0,0,0,0,0,0,14264.8578989085
"BIFIDUS JOGH. NATURE 150G",2021,2021-09-27,2021-10-03,9,39,"JOGHURT GESUNDHEIT","PROBIOTISCH",0,0,0,0,0,0,0,0,14230.8119488115
"BIFIDUS JOGH. NATURE 150G",2021,2021-10-04,2021-10-10,10,40,"JOGHURT GESUNDHEIT","PROBIOTISCH",0,0,0,0,0,0,0,0,14174.4020816321
"VALFLORA CREME FRAICHE NA",2021,2021-06-28,2021-07-04,7,26,"RAHM","SAUERRAHM",1,0,0,0,0,0,0,0,11898.1490210149
"VALFLORA CREME FRAICHE NA",2021,2021-07-05,2021-07-11,7,27,"RAHM","SAUERRAHM",1,0,0,0,0,0,0,0,11869.751697278
"VALFLORA CREME FRAICHE NA",2021,2021-07-12,2021-07-18,7,28,"RAHM","SAUERRAHM",0,0,0,0,0,0,0,0,9360.89985737205
"VALFLORA CREME FRAICHE NA",2021,2021-07-19,2021-07-25,7,29,"RAHM","SAUERRAHM",1,0,0,0,0,0,0,0,11813.1602158031
"VALFLORA CREME FRAICHE NA",2021,2021-07-26,2021-08-01,7,30,"RAHM","SAUERRAHM",0,0,0,0,0,1,0,0,11671.3321209696
"VALFLORA CREME FRAICHE NA",2021,2021-08-02,2021-08-08,8,31,"RAHM","SAUERRAHM",0,0,0,0,0,0,0,0,9402.45660156459
"VALFLORA CREME FRAICHE NA",2021,2021-08-09,2021-08-15,8,32,"RAHM","SAUERRAHM",1,0,0,0,0,0,0,0,11627.7526789105
"VALFLORA CREME FRAICHE NA",2021,2021-08-16,2021-08-22,8,33,"RAHM","SAUERRAHM",0,0,0,0,0,0,0,0,9357.62845670053
"VALFLORA CREME FRAICHE NA",2021,2021-08-23,2021-08-29,8,34,"RAHM","SAUERRAHM",0,0,0,0,0,0,0,0,9335.29459584323
"VALFLORA CREME FRAICHE NA",2021,2021-08-30,2021-09-05,9,35,"RAHM","SAUERRAHM",0,0,0,0,0,0,0,0,9421.65735654327
"VALFLORA CREME FRAICHE NA",2021,2021-09-06,2021-09-12,9,36,"RAHM","SAUERRAHM",0,0,0,0,0,0,0,0,9399.17067784902
"VALFLORA CREME FRAICHE NA",2021,2021-09-13,2021-09-19,9,37,"RAHM","SAUERRAHM",0,0,0,0,0,0,0,0,9376.73766813246
"VALFLORA CREME FRAICHE NA",2021,2021-09-20,2021-09-26,9,38,"RAHM","SAUERRAHM",1,0,0,0,0,0,0,0,11363.5013415203
"VALFLORA CREME FRAICHE NA",2021,2021-09-27,2021-10-03,9,39,"RAHM","SAUERRAHM",0,0,0,0,0,0,0,0,9332.03214357101
"VALFLORA CREME FRAICHE NA",2021,2021-10-04,2021-10-10,10,40,"RAHM","SAUERRAHM",0,0,0,0,0,0,0,0,9418.36472264344
"AHA JOGHURT LAKTOSEF CLAS",2021,2021-06-28,2021-07-04,7,26,"JOGHURT GESUNDHEIT","UEBRIGE",0,0,0,0,0,0,0,0,4612.632363443
"AHA JOGHURT LAKTOSEF CLAS",2021,2021-07-05,2021-07-11,7,27,"JOGHURT GESUNDHEIT","UEBRIGE",0,0,0,0,0,0,0,0,4601.62338933512
"AHA JOGHURT LAKTOSEF CLAS",2021,2021-07-12,2021-07-18,7,28,"JOGHURT GESUNDHEIT","UEBRIGE",0,0,0,0,0,0,0,0,4590.64069035635
"AHA JOGHURT LAKTOSEF CLAS",2021,2021-07-19,2021-07-25,7,29,"JOGHURT GESUNDHEIT","UEBRIGE",0,0,0,0,0,0,0,0,4579.68420379582
"AHA JOGHURT LAKTOSEF CLAS",2021,2021-07-26,2021-08-01,7,30,"JOGHURT GESUNDHEIT","UEBRIGE",0,0,0,0,0,1,0,0,4232.90075272597
"AHA JOGHURT LAKTOSEF CLAS",2021,2021-08-02,2021-08-08,8,31,"JOGHURT GESUNDHEIT","UEBRIGE",0,0,0,0,0,0,0,0,4553.74607518231
"AHA JOGHURT LAKTOSEF CLAS",2021,2021-08-09,2021-08-15,8,32,"JOGHURT GESUNDHEIT","UEBRIGE",0,0,0,0,0,0,0,0,4542.87764503538
"AHA JOGHURT LAKTOSEF CLAS",2021,2021-08-16,2021-08-22,8,33,"JOGHURT GESUNDHEIT","UEBRIGE",0,0,0,0,0,0,0,0,4532.03515458115
"AHA JOGHURT LAKTOSEF CLAS",2021,2021-08-23,2021-08-29,8,34,"JOGHURT GESUNDHEIT","UEBRIGE",0,0,0,0,0,0,0,0,4521.21854190935
"AHA JOGHURT LAKTOSEF CLAS",2021,2021-08-30,2021-09-05,9,35,"JOGHURT GESUNDHEIT","UEBRIGE",0,0,0,0,0,0,0,0,4506.36689766879
"AHA JOGHURT LAKTOSEF CLAS",2021,2021-09-06,2021-09-12,9,36,"JOGHURT GESUNDHEIT","UEBRIGE",0,0,0,0,0,0,0,0,4495.6115474505
"AHA JOGHURT LAKTOSEF CLAS",2021,2021-09-13,2021-09-19,9,37,"JOGHURT GESUNDHEIT","UEBRIGE",0,0,0,0,0,0,0,0,4484.88186703695
"AHA JOGHURT LAKTOSEF CLAS",2021,2021-09-20,2021-09-26,9,38,"JOGHURT GESUNDHEIT","UEBRIGE",0,0,0,0,0,0,0,0,4474.17779516197
"AHA JOGHURT LAKTOSEF CLAS",2021,2021-09-27,2021-10-03,9,39,"JOGHURT GESUNDHEIT","UEBRIGE",0,0,0,0,0,0,0,0,4463.49927070566
"AHA JOGHURT LAKTOSEF CLAS",2021,2021-10-04,2021-10-10,10,40,"JOGHURT GESUNDHEIT","UEBRIGE",0,0,0,0,0,0,0,0,4448.83722713885
